,ADS_return,HEIA_return
4,0.0032918778600359837,-0.00903868248802571
5,-0.005712971472554963,0.0012782008979905092
6,0.004945768813754959,0.012942914123290093
7,-0.001975429616733561,-0.0031568721367206867
8,-0.008383747137514903,-0.011319451971314499
9,0.007724539271605865,0.019255627607773943
10,0.008646749005114819,0.006503186729595281
11,0.02134854388337355,0.0022414582056537527
12,-0.002456625788380586,-0.011634948600077568
13,0.013384426476636594,0.011883320996837527
14,0.024288455626358618,0.0009947544742714082
15,0.009634179705349105,0.0063151801042090824
16,0.004173201481118434,0.007624386675006424
17,-0.002338793563402403,-0.006594956751467323
18,0.013952228983887358,-0.0023751376502645035
19,0.007999994409019289,0.0185972568717458
20,0.05201017545625851,0.012693834228471782
21,0.0007561457713345238,-0.004253966075160163
22,0.0026421156290109948,0.00401182595393851
23,-0.005480565481148217,0.006167568329763897
24,0.0024605035760118716,0.0112696813710392
25,-0.00828766772356396,0.007482745315827743
26,0.011354038412911122,0.00648701394109091
27,-0.018540645607276668,-0.004477365450751455
28,0.00019506214215555078,0.007529428971590329
29,0.00019475540573034444,0.010957028986896385
30,0.011430876420758447,-0.02014108308934756
31,-0.016705760509354673,-0.011899250862731622
32,0.008970301528614836,-0.007449252216892153
33,0.003101372206461133,0.0004824772990663357
34,-0.015603973068185163,0.002046728689599689
35,0.009196781923588854,-0.0020467286895996238
36,0.0202455863408301,0.0081630635154834
37,-0.0038248142068861004,-0.00047824147079268686
38,-0.017005126041557513,-0.009494861858658775
39,-0.0025369843225223083,-0.010439564822312284
40,-0.007452463418246698,0.01633953708375228
41,-0.01587324673102422,-0.009407813659720538
42,-0.02030483951419949,-0.014894657987698233
43,0.015292258193355345,0.0008603034532765691
44,-0.012031876193615738,-0.006163295569831695
45,0.015443168155227584,-0.0028483168157951116
46,0.011749485920403323,-0.003602996916104687
47,0.007888071675182216,-0.0013697876986937735
48,-0.017436425076384248,-0.0018712474114582671
49,0.019594868107595212,0.0012481438793591104
50,-0.0003921326398843074,0.01632673504591185
51,0.0272718525342994,0.0023280454670909037
52,0.008927748070590493,-0.0013471673850034055
53,-0.028192584890572484,-0.003191611425607006
54,0.009678731956284518,0.006617562805136934
55,-0.0027005605924686456,0.0029273655276968076
56,0.03809080823841112,0.002918273225485533
57,0.021522035771586658,-0.0008501477828335255
58,-0.004559923614521925,0.00798925653552849
59,0.0009136454746236784,0.004211087545643868
60,0.01863790789450117,0.01666917057690851
61,0.0032218713533650844,-0.01738969158595626
62,-0.0028633359933337354,0.010517110457160408
63,0.0007165824137935136,0.0005945802555242696
64,-0.016430725334192483,-0.010991876845096197
65,-0.003647628965760868,-0.009535808612726994
66,0.028815307716262437,-0.01011754384341798
67,-0.006947627706838065,0.004766678546864451
68,0.02611290531649898,-0.002441447668793303
69,-0.06921670197562475,-0.021623467800037623
70,-0.0020552086359354313,0.012660337725530747
71,-0.006567209484730934,0.013840512501516114
72,0.03405210168513645,0.010767894115251288
73,0.009777416892541439,-0.00048166427839910274
74,-0.018182274064460362,0.0031255246052656555
75,-0.005519963846467097,-0.009526921666393877
76,-0.01449566290125524,0.007243678926543379
77,-0.03098795227552266,-0.006880139671461531
78,-0.011653061198059457,-0.010226340512804225
79,-0.033167474653417656,-0.005891623627101401
80,-0.013929413606333669,-0.01413143080251581
81,-0.006058955870747024,-0.0189045084391579
82,-0.0005152469116681482,-0.01616003825242586
83,-0.06559026950154366,-0.03152349652531956
84,0.019938600296706747,0.011014388355539244
85,-0.020599102444265344,-0.008349454627507042
86,0.06243035095221302,-0.005203597054718268
87,0.022201441688016108,0.0020046964887796594
88,-0.007821788930156486,0.01864979573457079
89,-0.016140042595167794,-0.007893625449515062
90,-0.004570408059636476,0.013121967455314045
91,-0.05488888546683328,-0.03989365253267975
92,-0.023143037606978754,-0.021668259043571766
93,-0.007003375031279398,0.012263196822851485
94,0.013287024988392874,-0.00838909000771588
95,0.027253928512324162,-0.07944432437671117
96,-0.005785957921907481,-0.014761473684555954
97,0.006438766599056957,0.004888450541173769
98,0.035897342091858166,0.006077139650748949
99,-0.00811328179202592,0.01860816452122633
100,0.025590208452888005,0.04747248448685138
101,-0.009949325242729568,-0.02280153657931119
102,-0.031852837052499125,0.014401027619635935
103,-0.04970992039010615,-0.05344769803342725
104,0.061893465304634604,0.02575853109871405
105,-0.0006375763601801028,0.007760348539553806
106,-0.0308713273921145,-0.027653813313658702
107,-0.0036242005581124657,-0.05295999586997569
108,0.026705842504004196,0.04180150966363563
109,0.04123759444239253,-0.012818622672747772
110,0.009412697792685637,-0.0016908374141697204
111,0.0026442920845155113,-0.0055537504951195865
112,0.01191327983305003,0.05800043248382768
113,-0.016289979580220746,-0.011895336338821075
114,-0.06305042244087468,-0.03441623675624856
115,0.025105926083794746,0.021779282176817915
116,0.041406782899093914,0.02584499768457036
117,-0.01981491966677871,-0.028541401167273894
118,-0.04192863204135901,0.009852027916152726
119,-0.010107047792232156,-0.003571131259768122
120,-0.040685500928986984,-0.04559779335168634
121,0.031578014018736875,0.013329344542713126
122,0.021158886106543463,0.019062900980358077
123,0.02557151980391413,-0.0022685787406189544
124,0.04514659943216836,0.01069204712759707
125,0.011696123333411806,0.016637465536198215
126,-0.004981434259868379,0.0079234173900379
127,-0.008526261186229721,-0.0005844250449130341
128,-0.012875814515905314,-0.004690813853524029
129,-0.0010210779868596084,0.0004406705604775373
130,0.011476338940462804,0.012986075951224757
131,0.0015135121728726086,0.006502592868177756
132,0.03701574383769244,0.027558557778230665
133,-0.0007777764754065218,-0.0015422182030637947
134,-0.003896927939183739,-0.004782793713925773
135,-0.030527755492430024,0.008004738566126568
136,0.03830672912566086,0.0008392503836595689
137,0.013278520583606053,0.004601446981914154
138,-0.022229800595432954,-0.023364631354248978
139,-0.031975665282376844,-0.026991918140196528
140,0.03646136565302464,-0.009998717472677172
141,-0.01036676096265882,0.011022184692737975
142,-0.014656755025046299,-0.0007306018959700361
143,0.016817227304349685,0.008157031458220608
144,-0.013430892824165874,-0.006987836404035842
145,-0.006984203795765059,-0.01575526215566755
146,0.03945953422976585,0.01794424958747314
147,0.013384647850036476,-0.012910948172901905
148,-0.011653755505770096,0.004126135362609193
149,-0.014711927342366581,-0.0026503101430837223
150,-0.008420572689277057,-0.0029535533590089678
151,-0.010875086182407479,-0.012949546726274248
152,-0.03253144794718911,-0.028260710209464263
153,0.006346786348864906,0.007216921546984372
154,-0.010978439726447825,-0.005215589302178863
155,0.02566582635503959,0.031936284223455395
156,-0.005849089234378251,-0.0026851956863351107
157,0.05557266065662691,0.040397816455687796
158,-0.013485032406696766,-0.0030169583847836465
159,0.00965061970133135,-0.004326170170025341
160,-0.020767264117039785,0.011494572354347856
161,-0.0033396103624416993,0.00342258676456052
162,-0.0027586531707556343,0.0025596170218974367
163,-0.014108540769068338,-0.0054111657162306875
164,0.002997213627755454,0.00042824934250424915
165,-0.039683674359337756,-0.0017139306759883697
166,0.005796077420341773,-0.02153112027145929
167,-0.009331424300420315,-0.006741797064604391
168,-0.002294401026316936,0.0026437186721561495
169,0.004479476570406823,-0.0023496921056251783
170,-0.0031230514178638975,0.015608309229793652
171,0.03282016263903167,0.005773001590288237
172,-0.002525563382496487,-0.005917642106834977
173,0.011065345634850197,-0.003044719213376309
174,0.006382023266204336,0.03214815018177665
175,-0.010190780939980944,0.0001403927048249861
176,0.003007940580000015,0.0058873485597397465
177,0.006387211306747343,-0.00013976586510834515
178,0.0332647677383588,0.02961007615310159
179,0.002306872902797716,-0.0004066963771282705
180,-0.006549748415842445,-0.008589977597749947
181,0.03382417167846608,0.011301257705842008
182,-0.001308792934602926,-0.03527517840118513
183,0.00466631508067145,-0.009441516643134137
184,-0.019367031220636214,-0.0015583891303812146
185,0.0367202634064393,0.015338473938945543
186,0.021366072780493264,0.00515350484300377
187,-0.015344683835145685,0.0023588436738226663
188,0.007069772472964243,0.003182687536985113
189,-0.005797146527147377,-0.009439008545036978
190,0.0007263899769077585,0.0032024663681277047
191,0.0025385611284691485,-0.0032024663681277923
192,0.022915525754896193,0.005285855970198484
193,-0.010318596782901346,-0.020321968287537524
194,-0.007539078883757155,0.0012736440043224332
195,-0.007596411216706771,-0.001132010862037224
196,0.038291580226227945,0.034231715722992884
197,0.0012224010045191274,-0.0010946514456587897
198,0.014897160671955323,0.013872093356314003
199,0.00582907340815945,-0.006912040496715361
200,-0.016372688221580164,0.0006796049251210481
201,-0.014703495441713788,-0.009970654403491874
202,-0.002118413328703509,0.014174971778492888
203,-0.0014146643682097807,-0.009518656628067316
204,0.012485904205159843,-0.0005466475193195209
205,0.009566078116371259,-0.000546882142031862
206,0.02546498493348041,0.036001063996288586
207,-0.002196029191841253,0.009324211279667729
208,0.012103023807769347,0.00612551566794365
209,-0.014134727053983729,0.02994801045389724
210,-0.008679973456748853,0.002644752301814959
211,0.006814213925918927,-0.006687562170996154
212,-0.002549938347242245,-0.0019006345183107596
213,-0.009405675889117145,0.003418533576872601
214,0.011616030431553764,-0.0018979575829726162
215,0.001696883924913177,0.0037923494308644036
216,0.017479639526618476,0.0057869430464542165
217,-0.011562818885448696,-0.006544376140666546
218,0.002356852270479063,0.017274259469770972
219,-0.029695020663692964,-0.0192962056705942
220,-0.030425229972027797,0.024248121309420508
221,0.032674454987668786,0.0059097990384035974
222,0.004139484264765768,0.0004908381880900124
223,0.010614689851361136,0.011710354393300164
224,0.02156426563910032,0.014806407084643848
225,-0.0033390234152764725,-0.0019139268084710447
226,-0.007216743564264602,0.0013161635825751853
227,-0.00455795064652216,-0.009007521493155386
228,-0.0011852262575303507,0.004213497694342196
229,-0.023828899213846722,-0.0034899128600497198
230,0.004327841446443055,0.005050543007414413
231,-0.001382794555415281,-0.009763216260563872
232,0.02003647918758861,0.02747739818137974
233,0.0,-0.006265330301861462
234,-0.01005371156459002,-0.004754398275241594
235,-0.015533566495633373,-0.01234786693326397
236,0.018099284604299028,0.005413501171674111
237,0.04296502514154773,0.012755717541587636
238,-0.010032151330700179,-0.004154507634534257
239,-0.033958438049642645,-0.02737275728867624
240,0.01577769300093976,0.006215542713836239
241,-0.023502332865250452,-0.017402278112219033
242,0.007382616777042005,0.01069801430286062
243,0.018305561464436404,0.02595657509001979
244,-0.021217736902563136,-0.017067942695475565
245,0.019368523760078672,0.014203710453246312
246,0.014864603715671441,0.01128989726823245
247,-0.007154153573011498,0.024167957269215716
248,-0.006365246373666114,-0.008572800397179156
249,-0.00201848485255779,0.0008143870860497594
250,-0.04212773773925586,-0.016137289409495662
251,0.01620099758964742,0.004654181389721203
252,0.015602542884909969,-0.001548812717166189
253,-0.002555091883090972,0.00011912233702147898
254,0.020093514238594706,-0.00814080750083943
255,0.05433112411729973,-0.007238789333669782
256,-0.004761159175751362,0.007238789333669734
257,-0.04058347737009305,-0.01868536401168625
258,0.018385396581801897,0.005252606694767709
259,0.0009754140846494199,-0.01225814783325447
260,0.008388880446756048,0.022198688884497518
261,-0.015849699903052135,-0.00860126569610776
262,0.0165047728931448,0.004127788168782478
263,-0.00032752913156550655,-0.01735529367518313
264,-0.010700534806699597,-0.0038292987675390584
265,-0.02039860869659268,-0.02506379872857202
266,0.027490209666434652,0.0010146616877996825
267,0.008509353027088582,0.003164315774524121
268,-0.03094481674352704,-0.022751492431175708
269,-0.010135229796882118,-0.00038790292083842843
270,0.004742515451582262,0.017054822818686564
271,0.02552480760578839,0.0011437160088865182
272,-0.01694396902536704,-0.018715946825022964
273,0.00834178358050466,-0.0024619459052265193
274,-0.050952349882190905,-0.01529327804146377
275,-0.024421639517793078,-0.0170035670222679
276,0.00820697363106085,0.0037442240775682053
277,0.017263156853496813,0.016415632595582277
278,0.02670964844428963,0.003669876981380995
279,-0.010598490884669812,-0.005115144631086914
280,-0.00499611031446439,-0.005802633549983588
281,-0.0029404095606118947,-0.007700433004997201
282,-0.003296601951578324,0.01376609510459671
283,-0.018948009456874276,-0.0003946451749320598
284,0.02518502096906449,-0.0005261505690866633
285,-0.0010368954577238774,0.00851613674029038
286,0.021719677757263158,-0.008779071194888502
287,-0.0020322357345010124,0.008257230238091962
288,-0.018132531010704684,0.010129954217689183
289,-0.016359507374670477,0.007851153295721376
290,-0.010938796026719802,-0.005269975413744883
291,-0.00142025055265882,0.0006440527658442644
292,0.02109415662497268,0.022415622181010293
293,-0.01790151984103108,-0.009617931879191218
294,-0.00017711935329087504,0.045369005628036196
295,0.016512034921066326,0.014237864944409252
296,0.012121196572553443,0.0003594390012364228
297,0.015880066506603414,0.007635223569444272
298,-0.024002198623730188,0.005688553329961586
299,-0.0048706939668000365,-0.0023662670918062705
300,0.016429342420928795,-0.004749619646663477
301,-0.01747610830712524,-0.0045327607222665454
302,-0.014593639523496406,-0.004313620640024555
303,0.02535773565160366,0.011461444075495904
304,0.00516703527673834,0.0013049575870216449
305,0.0024022542082299046,0.007676660475973411
306,0.031046807502763233,0.01216107948096955
307,-0.004662767955200272,0.007756706157363404
308,-0.026041400145602082,-0.02404421676091183
309,0.011243633461690378,0.00811843975721538
310,-0.002034916320828806,0.0
311,0.023652986702979592,0.026251714521689968
312,0.010882198099289732,0.009203154109933602
313,0.011251550581181824,0.011581554340307817
314,-0.009122010149604813,-0.015093635061180303
315,-0.0034422773411428628,0.01766147334559547
316,-0.030002234379787433,-0.008735452255850875
317,0.033444511720930256,0.03373258444326543
318,0.007011809123417944,-0.010824983862399662
319,-0.0013007652389821261,-0.024483643222202624
320,0.0016257933452403523,-0.015555397009989327
321,-0.00521172980916251,0.010132973089294672
322,0.0027721119428089644,-0.003517633506841961
323,-0.002608890092639094,-0.00011407205329480077
324,0.010717904037988538,0.0021578183032308343
325,0.0038691215701499196,0.0013605053768595428
326,0.0038542091478681205,-0.007733518398611803
327,0.00972974372000449,-0.015068996185729454
328,0.0,0.01609601048873166
329,0.0011103770633515571,0.01494241806407956
330,-0.022285462486342278,-0.011299427074709233
331,0.0,0.017683643646306816
332,0.007752019262014427,0.0031445734699715997
333,0.004974782877692836,0.007372512115052599
334,-0.006584870584906659,-0.0037914799777486706
335,0.005303410148185708,0.005014896472564858
336,-0.01566951940363017,-0.017040724933073282
337,0.012780278800907499,-0.0032845850072494385
338,-0.00016090277723376217,0.015198640505562093
339,0.018004230095470707,-0.008978762523204049
340,0.014889333003049522,0.009425702146730915
341,-0.0035843405134740377,-0.013945236075248783
342,0.0007801523989849176,-0.018978529141255855
343,-0.0053182482808780416,0.0014994668399086729
344,-0.004086093157450859,-0.009960754869611165
345,-0.004261050366251244,0.0016280638341257874
346,0.018955786560899426,-0.018768770304027727
347,0.005107755664587544,0.014226121168931304
348,0.009832707925506796,0.0615720815496646
349,0.0027481040882685365,-0.007713475162515135
350,-0.0059638633252795566,0.019281935662848703
351,-0.008162035720439312,-0.004676842488905483
352,0.017930091408734004,0.012027950857435337
353,-0.015458929366082761,-0.0045341307130030385
354,-0.007276231601069548,-0.004663555438508327
355,-0.008112352001509166,0.008551277991458408
356,0.025670178053329877,0.015826138955800623
357,-0.012288887064212863,0.015161097293611526
358,0.011525087911099253,0.013183575980396595
359,0.024599693957402323,0.021020909367458998
360,-0.01683749698413484,-0.010455267947717123
361,-0.005320379854091449,-0.0006124564871035426
362,0.013473759544434775,-0.0023511443777539764
363,0.001352422905807738,-0.0028696286446964034
364,0.006138218503935865,0.004607846935301092
365,0.013343534870168438,-0.004710628198502376
366,0.0029411199170905795,-0.001232516637507365
367,-0.009590715075653565,-0.009603892590614673
368,-0.009833061916712193,-0.0061410637054624476
369,0.0,-0.0008357336937986651
370,-0.0328747815713077,-0.0037689731140631913
371,0.0015462346820679961,-0.017457897342421397
372,0.0055460198948594,0.01777276544780046
373,-0.001691174028620823,-0.0022046344152151457
374,0.011475845790094417,-0.00031519942879690315
375,0.011496001077109037,0.013572904178421363
376,0.004202281236672215,0.010111804681030675
377,-0.008271274316645415,-0.00215841405943681
378,-0.00045315113650726664,0.003491944685922514
379,-0.01353734370156441,0.002355048461241259
380,-0.01449978069311225,0.001635260001148055
381,-0.0024891780197751558,0.005803697884944911
382,0.002333843976572212,0.010804309810199902
383,0.0,-0.00040193211572705524
384,-0.011880711917664304,-0.009387795963087253
385,-0.0066268775511084035,-0.016978889515074723
386,-0.008904292737529476,-0.0016520452426753772
387,0.035614287223560415,0.008949387766732007
388,0.005533424511006232,0.010391324570217592
389,-0.00599593701368081,-0.006201437847909523
390,0.02150947421281656,0.01105425524220133
391,0.003314895376083782,0.02046494091150562
392,0.0034537200486892557,0.01607556592262769
393,0.007467097643459373,0.00019465250233244148
394,0.006081832721893461,-0.014098541548799734
395,-0.004446523479937405,0.0007885266434445503
396,-0.0017840391223592669,0.0011814778162778155
397,-0.005371801388346688,0.003340223810436639
398,0.007007336874331717,0.0017638432399160805
399,0.005038664141861924,-0.0013716015851686475
400,0.01102534058099975,0.004304264090259889
401,-0.0041018170731745,-0.009809629329300958
402,0.01457323934332349,-0.0041490230677481395
403,-0.021053656607871382,-0.004166240416825094
404,0.00471709933052997,-0.011798999002132469
405,0.003083549314252345,-0.009194982321181615
406,-0.010463760051261876,-0.004374875150177376
407,0.0011845067518221177,0.01848622304115417
408,-0.006085242412070404,-0.0050168110184123935
409,0.0019333662205309014,-0.0011070762762613981
410,0.00044581321104688454,0.008024021538652979
411,0.0,0.0035898861989905957
412,-0.009101166804773825,0.02749058538317286
413,-0.0066165932943810695,-0.004854172903156024
414,0.0012063645700519639,0.0038854004168716928
415,0.013173762694463171,-0.0015525371973557423
416,0.00014870865656518476,-0.03156073682863012
417,-0.0023820637003909104,-0.006030151411934268
418,0.016409556015917814,0.0007053930829474004
419,0.025622055208395455,0.019057491406726326
420,0.014472605965421298,0.0013831428015095104
421,-0.005225761578994309,0.002956361497646009
422,-0.014117904532757118,-0.002759153368139261
423,0.007440346373142036,0.014498549466396626
424,-0.008446124647128132,-0.00663532904790462
425,0.008588793823621885,0.01032424700332859
426,-0.006004513089082435,0.0050262982220754026
427,0.003721104235407733,0.0
428,-0.010916385673017618,0.01340772986607412
429,-0.011475326618495551,-0.014758423279792574
430,0.029367427237144157,0.02479145464826558
431,-0.03449363918979098,-0.0013192926655497994
432,-0.005743334121264994,0.003013180168108019
433,-0.009944337226930357,0.009916790373882512
434,0.0019372462652981937,-0.015195965196649746
435,0.02310438669176545,-0.007018881278100115
436,0.002905494519084867,-0.011102809121061827
437,0.008521695257111743,0.05577797781316165
438,-0.002880722905550942,-0.007125107667385537
439,0.011045148498341047,-0.0009172289481597141
440,0.02145152982477751,0.005125439662096329
441,0.0066797167351257385,0.01486061077917351
442,-0.017489197532525,-0.015408527478286102
443,-0.00793518041417668,0.002918640335916448
444,0.005815917114379204,0.005992940418621378
445,-0.024483956587351623,0.003073256886690744
446,0.005204453703858117,0.0025238557540073155
447,0.006468018481785802,0.029275421105739965
448,0.010546032136531368,0.002270741979112053
449,-0.003692934493984526,-0.003145309849164801
450,0.01916640420395135,-0.004560318401006638
451,0.0004186849732552576,-0.009894148762479715
452,0.0636484835905793,0.01305350909674168
453,-0.002359250684671038,0.004022793180218199
454,0.020137061043203303,0.006437582502139847
455,0.006665880479872618,0.001732897048041838
456,0.007889949425479905,0.004318772390283298
457,0.00012680697266203154,0.0070428412069562605
458,0.010715705685675295,0.001881174410797348
459,0.006623667917952272,0.003921898542193062
460,-0.007250889192035006,0.002379708939653076
461,-0.020151477806457027,-0.015743009015676723
462,0.02490781622706441,0.012852657103515477
463,0.01561180038662184,0.005095104737412893
464,0.01185493539572608,0.016632161880512898
465,-0.010503415216819488,-0.013756322200997368
466,-0.006281280870290635,-0.006779686057644537
467,0.008243690823147349,0.001868871645134583
468,-0.003805601282722067,0.00760978940847905
469,-0.015619665532127755,-0.015619973622178087
470,-0.015613334465492644,-0.027408633256208115
471,-0.0010157639181269296,0.01084503288520763
472,-0.02144269184638819,-0.02644249937815347
473,0.011484507589540699,0.018407601695279708
474,0.017677416717883247,-0.0005262903298465102
475,-0.01754894819261854,-0.004396178313341493
476,-0.001412363169806825,0.003518317254242679
477,-0.0117594052166151,-0.011658800001001791
478,-0.01308401527916337,-0.012695743423911696
479,-0.0011859801077885098,0.008422393169549253
480,0.009056884659828767,0.0012483018883346945
481,0.0013059752136428118,0.000178075458589484
482,0.03462785209252065,0.02793835982527298
483,0.004778369346112645,-0.05228787143792029
484,-0.0017579528067260808,0.0025528705681637123
485,-0.005924240549306292,-0.021910027744640053
486,0.002525317844805651,0.008615761478994547
487,0.002518942455761771,0.014258266810615762
488,0.0622955729516294,-0.0105351953431775
489,0.0008268559165478097,0.02041436860859154
490,0.0009596697429743141,0.009241652456390833
491,-0.006133333697570888,0.002342243780085038
492,0.00012069528522840185,0.007886757408117668
493,0.012465722386717826,0.01681906549323594
494,0.009956179781460617,0.01290800677147065
495,0.019504269750565423,-0.00364627492229
496,-0.010931696963243611,-0.005931579996922274
497,0.012318754037162913,-0.004911438561653885
498,0.009883881321929725,-0.005112331325258022
499,0.002512983870202448,0.0015892037726764451
500,-0.014593889633550426,-0.015471173774849802
501,-0.009186714477770112,-0.0035904794825511593
502,0.010806096543893055,0.008239458227908
503,-0.024213301363454846,-0.024558981279518634
504,0.0029557705035941897,0.000182722276168898
505,-0.00734601599732203,-0.016958746359641123
506,-0.019089469900400054,-0.00746431742807397
507,0.013125691289397718,0.008950259723756881
508,-0.013246892036184761,-0.02576049297717135
509,-0.011828580213594298,0.0034227313199666227
510,0.00073568584781334,0.0036000734562156435
511,0.005744679924008778,-0.011413224583818271
512,-0.0159709168424815,-0.011351886630609235
513,-0.004965848744976331,0.008861584322442589
514,0.01089258347853087,-0.009054866016159268
515,0.014179458950352155,-0.010310503635075855
516,0.012184141808849872,0.00019553008732980712
517,-0.006978643785887355,0.007401489646031176
518,-0.005084055685042622,0.00038826244145213646
519,-0.0423908899035281,-0.04452668939047393
520,-0.0029163931229612707,0.002329494287489563
521,-0.020656273587512597,-0.015497858990532649
522,0.03940021027989164,0.010121368490885432
523,0.011770012074675113,-0.0009159029304702505
524,0.03199885291461242,0.011942229605279433
525,-0.008265126601384197,-0.015205620376210071
526,0.011242970804099098,0.015708600315600757
527,-0.003455213011763893,-0.006355191665135804
528,-0.022204437191419964,0.004745077194718356
529,-0.011660207002021887,0.012112581103731156
530,0.01652933774866514,0.01755663018030488
531,0.016738331255302316,0.009923319895693923
532,0.008206149362052165,0.0011607486246128663
533,0.011657430447362838,0.009048158255524432
534,0.005836385403102554,-0.019936696688501496
535,-0.019746850282267817,0.01725009806221671
536,0.008981434215450725,0.013740618086412198
537,0.002936915515122643,-0.003797775376659135
538,-0.0044674579846874386,-0.006681694589074525
539,-0.005908898415286039,0.0034419722620224603
540,-0.012283115600403037,-0.00862655438159919
541,-0.0008404096343959879,-0.001155759516724866
542,0.006106163722652496,-0.020840312559630193
543,-0.006586636814482602,-0.0023644671864125754
544,0.014315039427831713,0.003741209027368445
545,0.008609071868595393,0.015213900889854921
546,-0.016098832693121394,0.021827395261680056
547,0.01715507612329695,0.018762295580648958
548,0.014556186330171273,0.001857082498411202
549,0.011951539999973356,0.006472384859566494
550,-0.004465146755147174,0.020796155585453058
551,-0.015844967526623142,-0.00979687053367861
552,-0.020969105956666113,-0.004934590746879634
553,-0.00035713824630366297,0.006209909485796106
554,0.00047634578565808734,0.002182717872732605
555,0.009359772292775013,0.014609319674718018
556,-0.0036624628364747462,0.0033961436061587455
557,-0.016227538048781454,-0.006085503256637915
558,0.0007214428055438339,-0.001797015109463939
559,0.003959031555500512,0.004128256060053981
560,-0.004319527375565309,-0.00592850624717719
561,0.0016821200861043344,-0.04063419637890398
562,0.01240742742114766,-0.006778371197070809
563,-0.014209986938346726,0.0030387970070000904
564,0.013023657676461143,-0.0032290880867203906
565,-0.025488122008677266,-0.009366593899559105
566,-0.01942776673092081,-0.023905338791623536
567,0.004707073815288349,0.02140567777463261
568,-0.011434408666820573,0.00019254053342673724
569,0.009455206623113516,-0.004050411931039166
570,-0.012584950204737112,-0.0036791074477292795
571,0.01060171273646274,-0.00038819503150510514
572,-0.009473968815951474,0.004839845031722563
573,0.006616387393374231,-0.016944419107125082
574,0.02251431389479176,0.014430894471617819
575,-0.016436187801741286,-0.006409990436191596
576,-0.006949495060410132,-0.0027315710564680615
577,-0.006872762346525865,0.0011717798637493103
578,0.004379006242938533,0.026765672399657124
579,0.01671351511808209,0.013400328215554686
580,0.013778064453409726,0.013407925458686853
581,-0.030366665501828895,-0.018294294716544427
582,-0.011298234173299067,-0.007564366414663826
583,0.0028994810984706285,-0.002470766927895876
584,-0.0012595501306764082,-0.0017139512141196942
585,0.00978309059794965,-0.01381978308874549
586,0.0007485501363763958,0.012484425969163404
587,0.003486033197273501,-0.01693985416516389
588,-0.000621593078590643,-0.010734856344497773
589,0.00558055944683031,-0.008275757536846371
590,-0.004089426103843229,0.008079387158011713
591,-0.003981570821370166,-0.014232199805294169
592,-0.016720363545399245,-0.012319292685940904
593,0.0221910406462781,0.009927467589772842
594,0.016844298382410076,0.00239182509616801
595,0.00607768379267086,0.00931356317187698
596,-0.009252607874669133,0.012154319033539595
597,-0.001591256926832881,0.01046744590473282
598,0.025042008254904637,0.014928537941727596
599,0.008328527171570926,-0.013002248641398989
600,0.01095850586078196,0.01622652315223932
601,-0.0042276175990007235,-0.045519614721648026
602,-0.00602038965524454,-0.00039651476025933264
603,-0.0030830610791533902,0.003759829713290585
604,0.000593622337081855,0.006104105835245176
605,-0.012421071374312708,0.0033317647416801974
606,0.0087348532889163,-0.007462919733554538
607,0.001666608282018095,0.003345712366886692
608,-0.0041715941305779805,-0.011460348217041033
609,-0.0013144204015909425,-0.0007952141537445486
610,-0.0029943568874950927,-0.0005969499531121309
611,0.03916529422367548,-0.006989360095696795
612,0.002764516843846037,-0.0016044634854015768
613,-0.0013813992003860937,0.006003419817006025
614,-0.0034613362093344822,0.0017940813295616814
615,-0.0030095439772973745,0.010894358825022923
616,0.014272709512605257,0.007458525096736735
617,0.0018269877028873715,-0.005883504820082558
618,0.0010261356102970983,0.011926920101724279
619,0.003185791833592466,0.0034926146383828386
620,0.003062448412594978,0.0011612435305308345
621,0.002920401867269486,-0.010224471422617188
622,-0.004271224257756564,0.0035510252710077217
623,-0.0019166486038083783,-0.01388066464944124
624,0.010552490363637096,0.002194251404086538
625,-0.00033527365169721326,-0.0031931910848036677
626,-0.0029084542029482736,0.005978566818243178
627,-0.013875820624459143,-0.004380741961116385
628,-0.0025023070490541852,-0.012247888663469006
629,-0.0004556384114817898,-0.0016175311077287712
630,0.0023899216506316386,0.003635566910513843
631,-0.002503743279891077,-0.008097062329985234
632,-0.00045588533089785025,-0.0006100576826218667
633,-0.0004561947555404655,-0.023874319941978406
634,-0.014474744143943525,-0.019136462044680187
635,-0.0032451362436756483,-0.011101607259571506
636,0.0046328220154703125,0.016817942934368238
637,-0.002777119429091838,-0.017677033829232237
638,0.006928493574694459,-0.0008599270783507165
639,0.02264149803219162,0.01705803480429835
640,0.012298880943527771,0.006322422238881873
641,0.0208936705854763,0.018112347932775105
642,0.008128862497651395,0.0067851744087453385
643,-0.015995127750519183,-0.024162398752427844
644,-0.0010974919859002136,-0.0018911553010056152
645,-0.005063787085526981,-0.005060803620758767
646,-0.02209428044661147,-0.002116140581759035
647,0.015339427349927595,-0.0014839312920690904
648,0.002995329922516372,0.015577696139942494
649,0.004090481955144621,-0.0016724802289071908
650,-0.008531361561826193,0.012578864624840418
651,0.010184906538582495,-0.00819467387588794
652,0.00975520733844142,-0.001250817809771445
653,0.013434483266390565,0.0004171446435591763
654,-0.01989096393272648,0.004783839538748968
655,-0.056106193481249636,-0.016422308738937047
656,-0.006290074433671022,-0.018091249349841878
657,0.00011682485347394441,-0.0009669993701436755
658,-0.01163403629364221,-0.005281021434286993
659,-0.015005705369884336,-0.028831828389810812
660,-0.005414137636444451,0.006761484125275712
661,-0.02281858292329386,0.0016559098066162975
662,0.017496031107831246,-0.003314064451534659
663,0.0012122711464026207,0.00044251870788746
664,0.029246974790758388,0.012420983533445519
665,-0.0002352723527194961,0.006641583827598383
666,0.00023527235271951713,0.012938195728828242
667,0.012509718986206418,0.01340729484620708
668,0.0035951449519612,-0.00987826137082346
669,0.003697697921381671,-0.004922374423597981
670,-0.007525293448993181,0.03354392778699873
671,-0.009106021289253724,0.009395216319450615
672,-0.006234783231865854,0.005636320962022368
673,-0.005680453624309992,0.002857254456871384
674,0.007095539506174989,0.00020363897089201535
675,-0.004369611168816078,-0.00439016327108918
676,-0.011123955155068083,-0.0014393252012801212
677,0.015041520743012422,0.007992902817343854
678,-0.040254455402816886,-0.024381324634275163
679,-0.030187224808336258,-0.007816578255780922
680,-0.0075668977428761065,0.008328848682974507
681,0.0013688759803033189,-0.00513317495309015
682,-0.009746514641406879,-0.003918706627132858
683,-0.006929916780566878,-0.0006201086139780044
684,-0.01747401462672379,-0.017101487705034262
685,-0.020013374894865432,-0.005272640304511995
686,0.009536866210453765,-0.006151081872348774
687,0.013174941273301384,-0.002450069848544831
688,0.0,0.0048935740902743535
689,0.0008977572454006681,-0.011849493363760602
690,-0.005141263057347536,-0.005168144746880165
691,-0.02955643232540781,0.010202821195653675
692,0.010300056302490366,0.025216257849943798
693,0.026702701454268854,0.0031206840124062924
694,-0.003074541657514596,0.018726773300909015
695,0.0076689290832199185,0.023971433660074485
696,0.0,0.005557673529076062
697,0.004066044319450325,0.005527201889787173
698,0.009339854889201398,-0.007905280807559856
699,-0.005922117860478873,0.008298896870195844
700,-0.0067201924860684475,0.011348053080092471
701,-0.018490510253069494,0.0019436877954792512
702,0.008388693614859218,0.00773681951797664
703,0.004488055701065554,-0.004247765694497807
704,0.0029382619415559935,0.003091223508104091
705,-0.0028103614386652937,-0.020265634269790406
706,0.002300182845365264,0.007843277178642864
707,-0.01310407977997207,0.0066185290833864
708,-0.007268100781812172,0.0038729881801059947
709,-0.015754697773086798,-0.0050380314884642275
710,0.0017189719304512416,0.0032970494054452917
711,0.011166091459417318,-0.009337109848705167
712,0.002348571253669329,-0.012586109578475176
713,-0.003263457611371003,-0.014752698012388972
714,-0.004455645528935784,0.01571017975336087
715,0.010322127302664755,-0.0007997854541370993
716,0.002726105156434667,-0.006018179105651039
717,-0.006502841591689471,0.010209314758485586
718,0.018230701075815117,-0.0037911966004210637
719,0.009361465942849163,-0.0006999646894251141
720,0.004004011962951787,0.0076727065530379345
721,0.020666539610843755,0.011645407280936585
722,0.0012617835246892556,0.008013210307786723
723,-0.004169947436812178,0.01449457684514668
724,-0.0089037346357343,0.0015337079561709664
725,-0.004481829561637507,-0.001342153518220692
726,-0.00038496383946908327,-0.012352859588445791
727,-0.004374723990218887,0.0011646300926773157
728,0.0,0.0017442864524702727
729,0.00141746417386255,-0.004074926389207289
730,0.014572739246598044,-0.0015566011473862758
731,-0.002159813878396346,-0.00919492774022654
732,-0.002291915119258076,0.007050453825372778
733,0.0036899237572831562,0.009130534594165136
734,-0.003052634670359137,-0.0011606989036965078
735,-0.006389982255825966,-0.0009686777453507718
736,-0.0006410537774836626,-0.004078069668987934
737,-0.013691910025654567,-0.00214289053804547
738,-0.00573877459702745,-0.011572073950103708
739,0.008336633405015616,0.009620261783900632
740,0.01391234482773332,0.008754069891563108
741,-0.006803164041710382,0.018803243303552295
742,0.009358426733566976,0.009270645068419231
743,-0.002555262691856555,0.005446583246402301
744,-0.00038385807285407775,0.0009360483321719616
745,-0.004360571116620441,0.0007483215639545738
746,-0.0078715197525798,-0.012796558074090025
747,-0.006368316034335742,0.0011357512290277828
748,-0.011012071267377974,-0.0015145438923982529
749,-0.01206825571412766,-0.005700351068236567
750,-0.0020033241160102833,0.009859665145932976
751,-0.01794085189252388,-0.021358417808676065
752,-0.008337237583685242,0.0011558154300006238
753,0.011191451214880063,0.0011545457651438533
754,0.003928205585169868,0.008235105188311248
755,-0.0023010053846117774,0.018706411107558198
756,0.0004065307541649578,0.00018706125428952656
757,0.007287643979165743,0.008015749158120101
758,-0.014219190644387045,-0.010451751992434416
759,-0.005333511094014645,0.012862561287211853
760,-0.011168687503941994,-0.0005557977924734182
761,-0.004307570927594203,-0.0139966791299082
762,-0.003906845342345643,0.00244020203372815
763,0.026896398788286025,0.003368994156393808
764,-0.015497812051220161,-0.0016832777206377068
765,0.006475171125151915,0.013385621236088587
766,0.004794965685733901,-0.0049984237077895085
767,0.006945707030443169,-0.00745168180516252
768,-0.01600686757694282,0.016688649178800315
769,-0.001932656958196373,0.0056843593483138525
770,0.0020705213007294553,-0.0021965160393095156
771,-0.017667596012291332,-0.01569889022709856
772,-0.017699561786507202,-0.00018621835762809723
773,0.0116460513151754,0.010740877711550866
774,-0.008792962439095447,-0.0150322616146288
775,-0.16688583055683862,-0.017352357054886622
776,-0.018003114710536543,-0.00975076482056291
777,-0.011548923854046867,0.0007683840562147976
778,0.011034720333768535,0.005742757000039987
779,-0.003951643071329918,0.0038100510538231305
780,-0.04561043574860355,-0.005720770053646599
781,0.021391124349159806,-0.025567903864622692
782,0.013140656603446656,0.01769614921520071
783,0.009872896829789876,-0.0019292605058662958
784,0.006014266302197631,0.0038550866160318585
785,0.02252990135638943,0.005754617075642477
786,-0.006722596390400666,0.00019131146361394606
787,0.012901164672284374,0.009706141744928
788,0.005312976880230027,0.0018922168529158687
789,-0.0008281919139198869,0.08007176498828278
790,-0.010663353248193862,0.0005233763094686387
791,-0.02390129083514534,-0.005455570032440769
792,0.014476913617162636,0.017492253725827335
793,0.005228078757327521,-0.006436548046328129
794,-0.009634193814554695,0.005916090370882326
795,-0.02510881432060631,-0.0008677415832240358
796,-0.006639891764599932,0.005368438675315592
797,0.001926711624098346,0.006713195949465109
798,0.027100970741539197,0.000171447424073662
799,0.008479052184157702,0.004449916010892432
800,-0.008138530647896297,0.0018765768615901636
801,-0.0023862569726114313,0.008824154548509676
802,-0.011326734814137727,0.012591261026597607
803,-0.008667033670789845,-0.001168342607919119
804,-0.0010451100753593803,0.014591515898640824
805,-0.0050668301389729395,-0.02196787239860426
806,0.02866214582486517,0.009545265260761188
807,0.03479203480629228,-0.019522485416622715
808,0.019534920335599566,-0.00017017691317708207
809,-0.0011290045972771638,-0.006822407658477244
810,-0.0170916086628251,-0.003257008740706747
811,0.016122723801501215,0.01058933012602892
812,-0.010066810158913976,-0.01299615167946562
813,-0.012149013287437114,0.009421853303590973
814,-0.018841876321651064,-0.003586910053328686
815,-0.0026967166705120374,0.013596368406969126
816,0.010242782592433075,-0.012570133630977262
817,-0.02657790836683137,-0.013423154716769902
818,0.0013713894787558698,0.00982695494839397
819,-0.0015430624810636787,-0.006022715947630296
820,-0.0020611212309383426,0.0027577376897521457
821,-0.019445113292024863,0.010444339609397694
822,-0.03351466930714435,-0.015794268382818184
823,0.0003624155679730478,-0.025410890406880125
824,-0.021616417767754456,-0.015021872208147642
825,-0.00203905592118375,-0.01251016326379603
826,0.013821298041986087,0.03301925592696073
827,0.035419282785498815,-0.0008830110585616158
828,0.02356746365792957,0.027188827824864384
829,0.006534896535015927,-0.009675188449344467
830,0.006322127345002629,-0.009594586897675464
831,-0.017006296791334127,-0.002632683197194
832,-0.010974805915961611,0.01378848884366016
833,0.004369406676207914,0.006737550805913802
834,0.00539196420520733,0.0157159261519135
835,-0.012216679578790572,0.005409071415222173
836,0.019131019191279117,0.004541378010058985
837,-0.03114316707320267,-0.01011957917698382
838,0.008670313784084173,0.02279284056090552
839,0.039383379845217475,-0.007484609670665093
840,0.008265219988634226,-0.010067150423563188
841,0.007197302972328979,0.005381761138810718
842,0.0028311732821902163,0.01382547889085135
843,-0.004667434499531838,0.0008268699483222262
844,0.02882038736822189,0.011176883869678614
845,0.024058926571775788,-0.008700607290053695
846,-0.0028567320501607044,0.0019766487264962457
847,0.0028567320501607274,0.004760623925745777
848,0.010718884031895545,-0.002295537189225207
849,0.02813605779028458,0.008987958287415748
850,0.001827656366549967,0.0038966172347289973
851,-0.018118218742276995,-0.00032418848039925645
852,-0.0006199773052826289,-0.0001620975235147937
853,0.0,0.02513529442077282
854,-0.011852816870907367,0.002053388070898039
855,-0.010884263309848395,-0.003002376312765795
856,-0.024078236657841152,-0.009860141156443625
857,-0.025505233522240944,0.0015968791234865212
858,0.0073064195649059135,0.00857968564470598
859,-0.0036464734147370276,-0.013057446186801012
860,-0.018266085540373546,-0.03125759928144754
861,-0.02205797785329912,0.007414026159363979
862,0.009977792585545514,-0.007248685351630382
863,-0.020055993297441045,-0.03516819893867804
864,-0.016197491869089215,-0.014316750975050578
865,-0.021529447694805613,0.0038147935632863745
866,0.009566027895381865,-0.004857641395179574
867,0.015683738913296913,0.02473502803960374
868,0.000883827403684076,0.007605772856060101
869,0.0051106598094413525,0.006378102404867643
870,-0.0038746700681257726,-0.0046954539596186
871,0.016624798705074207,-0.02003469120746582
872,-0.05109234183094295,-0.02570933126276384
873,-0.0025603023318761515,-0.0003518941669846269
874,0.010020946972233264,0.011550567399819873
875,0.03246230297106938,0.026782774009206967
876,-0.002812018235670698,-0.026608802962576436
877,-0.009193843858820999,0.040571430939566965
878,-0.01521277118027625,0.014264644577164831
879,0.017164627799758157,0.007383759367423121
880,0.003185888968627254,0.024545101663321016
881,0.03131234289947039,0.007944071096762968
882,-0.005839911333081161,-0.003328843183029383
883,0.003782602043980362,-0.004774739525502034
884,0.03821707552392039,0.03880340381483513
885,0.016870430420879032,0.007644085197879469
886,-0.002602040170620796,-0.00442636528701874
887,-0.00016287918986961279,0.007012089678201904
888,0.0004886112845966825,0.014777171814433438
889,-0.003914771200690304,-0.007964690507620463
890,0.009757794569864031,0.009759068995759056
891,0.024617654172530958,-0.011722323363486093
892,0.007864254511926893,-0.0018156907852331435
893,-0.0028240827732866967,0.0024202677522926416
894,-0.004093136866848506,-0.0063656333104243025
895,-0.015580625652102999,-0.024628001259867697
896,0.004795351702590366,0.006678579239133356
897,0.040930433264494345,0.0280848826811036
898,-0.006912054589902078,-0.010895914566655642
899,-0.019454200081685424,0.008786573140656
900,0.016057761226122014,-0.010461742598842262
901,0.048451300400067676,0.023349705478579962
902,0.013900194875537689,0.0008929823657191846
903,0.005939942142411032,0.008148614331142673
904,-0.004487920680143168,0.007497354318917789
905,-0.010062093247618555,-0.003815058410301137
906,0.009626768326938121,0.02468555649193907
907,0.007808068875515248,0.0017194365497004063
908,-0.007953309064158424,0.00042972058589126836
909,-0.006408338219559679,0.004996577500778435
910,0.008149023357356672,0.011328438914417868
911,0.0337710770071859,0.020625223029625415
912,0.0083717806130893,0.006735796754309459
913,-0.0069715567661920155,-0.004256213469059146
914,-0.014800431677495281,-0.0048272027432233145
915,0.013260228914961062,0.020932436361136366
916,-0.001683007710443945,-0.0039342202983252295
917,-0.00534846031498585,0.0012224833609666514
918,0.019287733785338622,0.015625399651251756
919,-0.010576070542328704,-0.018207934390868572
920,-0.006737755170765561,0.0014958472973304229
921,-0.004941986950371467,-0.014648485017919103
922,-0.004966190098434541,0.005501450744145847
923,-0.014760055627133327,-0.003435086454529006
924,0.02691916321021455,-0.0023424443068604524
925,-0.010311535322899624,-0.025427252056294324
926,0.008201293399371198,0.008033178957766457
927,0.0272274896016034,0.0015428071222377824
928,0.011310372847815841,0.013088454733933122
929,-0.0014914212768658943,-0.01758339530335113
930,0.0032515670308713475,0.008690652918843614
931,0.005261337364898465,0.011379643421276843
932,0.003090073645392117,0.01179696283170968
933,0.006018011677882739,-0.0013642928868003532
934,0.010873953443519496,0.011000211455937266
935,0.018166765923066992,0.008740813119661147
936,-0.00636633525716678,0.005340965051388124
937,-0.007851528198644453,-0.00360209723760748
938,0.001837633579982309,-0.0022746381204971082
939,-0.003020664960552628,-0.0016087662167061573
940,-0.03588544049828252,-0.018143049609267582
941,0.018906676947831453,0.00802882162529571
942,0.011703771657587994,0.026351176472137954
943,-0.016128338796533855,-0.030561478541831357
944,-0.015846316384341093,0.0023111135566254866
945,0.015712089352420643,-0.007907368169845944
946,0.02783115622365392,0.009084748417381886
947,-0.003141733646452648,-0.020767653577098144
948,-0.03808359170126843,-0.015792735756008196
949,-0.002864216780273671,-0.001992013757034259
950,0.027915037074582486,0.017784749513042555
951,0.0037900184491385554,-0.0025215632104490454
952,-0.0024347857120894474,-0.017258751074415168
953,-0.004887210305244064,-0.005580480521029396
954,0.017135928104873778,0.01481289033195821
955,-0.004693213052204515,0.0016952064962253489
956,0.01295337629839251,0.0052087297212369075
957,0.012394614518057238,0.02276605344293291
958,0.000262159320236711,-0.005367104301548184
959,-0.00815596317437744,-0.0020719689464008635
960,-0.006758991670657669,0.0024856928610545452
961,-0.020419838854439668,-0.0035924876228199216
962,0.0010852155079170268,0.0009682930816864973
963,-0.010905240027613103,0.0037269160814597437
964,-0.019794422620299127,-0.017232073532561974
965,0.0020948138716081837,-0.014116531151365208
966,-0.006297652491942189,-0.01662891936986289
967,0.012001288672248688,-0.005507810337725794
968,-0.011439870568506663,0.0005810356757409736
969,-0.015839662935158077,-0.023516600570461194
970,-0.0012838755057355872,-0.0005951119497944132
971,-0.011628814607053959,0.00341683006346985
972,0.026223500768241686,0.004586817257556505
973,0.012302706683293233,0.018574606558951677
974,-0.02575613620297744,-0.017984416299447255
975,-0.014648962878045332,-0.0022154318543173845
976,0.006632955028583562,0.011175056488037245
977,-0.008660632932181885,-0.009845016260682599
978,0.015107023472099555,-0.00147783747120826
979,-0.01699326089669199,0.0025109216032303734
980,0.024674818550519693,0.022895676645189697
981,0.00508834630058021,0.014314642409350434
982,0.0005637919502540001,-0.003274498240792152
983,0.0002817768219001113,0.00042780863694514805
984,-0.007777736074561694,0.002988778663981826
985,-0.015306808724691505,-0.027371588039863358
986,-0.010433341577705674,-0.005859009766602088
987,0.025314222459405594,0.007901820413825006
988,0.0004259278429915057,-0.004674869819719041
989,-0.018917082220502025,-0.010155538371791662
990,-0.034141093873948154,-0.006381294474623986
991,0.002840100169042798,0.00133933945349609
992,0.00847279132090395,0.02365480261657532
993,0.017896861874441693,0.03383352676484932
994,0.017582248707461976,0.007133551885600356
995,-0.003147857823936545,0.009846671932860823
996,0.0034336608459313183,-0.0002758933705998299
997,0.022314044076946198,0.01289285958648842
998,-0.009965721292095848,0.00040869947703011837
999,0.0043635745845754075,0.005027424164366529
1000,0.0,-0.004210525975015153
1001,0.007834452811915039,-0.01398044775932458
1002,-0.004189443906967641,-0.0008285256775823586
1003,-0.01864465461622482,-0.023057008556534444
1004,0.015561300277821759,0.006060226637456037
1005,0.011028190958808075,0.006721853734849478
1006,0.026171412403410487,-0.008972265200735541
1007,0.00714216658776522,0.010227451969405426
1008,-0.0016126138763447432,0.05412607547877188
1009,-0.002558753363880038,0.006580540012912923
1010,0.004305694204900192,0.01843329515957356
1011,-0.01351731922638471,-0.0006478532872845828
1012,0.0,-0.01029277056675192
1013,0.0074570385030830405,0.005875802355606394
1014,-0.03715329805394548,-0.009286564004548213
1015,-0.03800444246657575,-0.014560013987468708
1016,0.008266064835585576,0.010214178078339893
1017,-0.005067623644340949,0.0018461671283632269
1018,-0.007138180139954599,-0.003959885473657088
1019,-0.007926114299806762,0.002377644597827337
1020,-0.006801696907584607,-0.01167891052621248
1021,-0.01630426988112208,-0.02049976436114347
1022,-0.012596038501143245,-0.043157908548353455
1023,-0.027874173886081172,-0.035183067568293494
1024,0.030467130152856004,0.02747077348418936
1025,-0.009335205809517485,-0.013858994421521593
1026,0.02939165203357645,0.01829337488965679
1027,0.00014912351592435183,0.0019964828476270787
1028,-0.004038501770457308,0.00426417353382093
1029,-0.020441260251711217,-0.02150598132694225
1030,0.0054920002858247115,0.005780347569412571
1031,0.023307511447337295,0.01728501493724508
1032,-0.031710326912081324,-0.03253032474849936
1033,0.018694980441372223,0.00816003587882861
1034,-0.002563244446622018,0.020538880362225193
1035,-0.007881081711754792,-0.010575796018350838
1036,-0.0016752051527991775,-0.013161164846444322
1037,0.0024356171480642065,-0.00043671169315638434
1038,-0.0051829267397641605,0.014459604039368405
1039,0.0219190649593641,0.032345027459109
1040,0.035977732587093025,0.0310621594517328
1041,0.012043407515861075,-0.01684804095229652
1042,-0.02350355372754107,-0.04526808696181526
1043,0.04060011412186108,0.026038065816136727
1044,-0.0070293245618724964,-0.003918970730532704
1045,-0.0042414623894194495,-0.02542212887157154
1046,0.020058317849729158,0.038379385031560236
1047,-0.0043145189660952505,-0.005134735184235879
1048,0.0013938690290220311,0.012032319703211999
1049,0.022856482390881755,0.03392466021485524
1050,0.01486311326820692,-0.006934223612475786
1051,0.0013404382481587104,-0.010898376947902395
1052,0.00760571837697647,-0.01471826675637374
1053,0.01412277198597853,0.005613078514673863
1054,-0.013060116846089275,0.027469188607289384
1055,0.010435389330223702,-0.00706427422692316
1056,0.013314451899590187,0.030431030695142924
1057,-0.006113127196504807,0.003108924055748236
1058,0.001303815020114756,0.01616687406216857
1059,0.0040309808954990456,0.004571219879375114
1060,0.023723547406523077,-0.008652334954815275
1061,0.015592038911042806,0.012193632963918281
1062,0.01559815148410516,0.00992415568862339
1063,0.005023655224283042,0.001998062948908321
1064,-0.00036668952752503067,0.0
1065,0.017092279417741423,0.03902383098282135
1066,-0.011240918752153115,-0.005654587213935374
1067,-0.008790173131336121,0.0028914966725666316
1068,-0.009239307585446542,-0.01173862254496013
1069,0.01644808538122624,0.004372645962970826
1070,0.08256800521812495,0.017897274033339846
1071,-0.013542614740316936,-0.006209675241478644
1072,-0.014420045642340208,-0.01581682662159291
1073,0.016576468776160626,0.013058045031274943
1074,0.01775527689467147,0.017385306301813085
1075,-0.035369719693835754,-0.004140209047126658
1076,-0.010556313000944175,-0.02593811280509718
1077,0.0008158590283459857,0.006547688489882931
1078,0.007661354657615531,0.027065788088683308
1079,0.0049597044532866475,-0.0029449988259567577
1080,0.008934767501754388,0.005529809872792536
1081,0.004551148300605469,-0.0010566896468839555
1082,-0.005920480624243762,-0.025215497986941286
1083,0.025146522343859355,0.022275002657965767
1084,-0.0036816318311178814,0.0009419290083055296
1085,0.023418751870293724,-0.009578369134121021
1086,0.014309142080141803,0.0008311890198099234
1087,0.005367148062515637,0.0058006122110505235
1088,-0.03164864095740155,-0.04428548832282783
1089,0.004520290652100753,-0.011166513382865307
1090,0.020684284168948224,0.021354878490223102
1091,-0.017499457218815812,-0.013525224368893238
1092,-0.03106959872110598,-0.002106645246333748
1093,-0.009204417437162209,-0.0017381186019151667
1094,-0.012058644242816823,-0.01780407657522832
1095,-0.0071892343720710425,-0.02018983858205985
1096,0.032966378492166104,0.019177444480956592
1097,0.004045304608985182,0.000253107845859871
1098,0.02086413074597787,0.007944179088110199
1099,-0.022435440156376565,-0.016845441716347817
1100,-0.017677416159065797,-0.015187072455572402
1101,0.0068360335507714216,0.004915904008314365
1102,0.01151510327778371,0.011802503082146136
1103,0.026801264863526356,0.0241917226369315
1104,-0.017639083217208407,-0.006870232524873768
1105,-0.026713398353392103,-0.025260091954087713
1106,-0.0034329551804764716,0.009213325646576061
1107,-0.011644710731483363,-0.0054922590530586905
1108,-0.01566188849157066,-0.024109992390474705
1109,-0.01710881716824483,-0.013871569125367373
1110,0.03346619616917209,0.023793399852448546
1111,-0.006394253957919331,0.0022061023984768845
1112,-0.012085809933331105,-0.026531984217296387
1113,-0.008297806898355225,-0.004936613617093908
1114,0.09085273706527261,0.014210886372230527
1115,0.0008692099611503952,-0.021999439471451297
1116,-0.018192393224810647,0.023317273891214237
1117,0.009466329065463297,0.012173643332249982
1118,0.010136961496622339,0.008937303519779878
1119,0.004436475423200286,-0.003228966377541476
1120,0.004201958817079888,0.014130064986918075
1121,0.005254312054097925,-0.009612360780980024
1122,0.015704884621316088,0.03006516574211907
1123,0.006088025530423933,0.005359350813215712
1124,-0.01592762152447276,-0.006109539213057807
1125,-0.022038142220070864,0.00025019390432311494
1126,0.009735102168855541,-0.03797131724010941
1127,-0.029383311370712886,-0.02020265208457613
1128,-0.04153353277324321,-0.008784725587847585
1129,-0.0009249660533674172,0.005067129497387099
1130,0.006456130401720966,-0.031207896929091036
1131,0.012788387961690755,-0.019539400513482564
1132,0.03347046962989761,0.02569552520969567
1133,0.04494779525173587,0.011796000800027876
1134,0.03565181660627929,-0.004593362889600455
1135,0.005551836861966909,-0.0008129945490806413
1136,-0.001007177067404648,0.011721410287289022
1137,-0.011044184291465592,-0.002145398349143477
1138,-0.017057559781947118,-0.015283956693658063
1139,0.02325331795058927,0.013940795072310623
1140,0.0014165136630865374,-0.0005377583992430617
1141,-0.0044587852539462935,-0.0026930643808477186
1142,0.023983938165906042,0.03184970877431497
1143,-0.019727403096429015,-0.009317029407607999
1144,-0.020433902470096504,-0.012470343899868423
1145,0.005661147917602943,0.012865666823149002
1146,-0.004732532100775593,-0.001978613769230136
1147,-0.014647338575399519,0.0019786137692302266
1148,0.008025510104030562,0.018282146752386742
1149,0.01279028456321172,-0.011583333228162697
1150,0.02129461672643948,0.02124170510809081
1151,0.022617751675298194,-0.006686573779255743
1152,-0.005409235988222622,0.0014181253924404284
1153,0.010789525887653365,-0.0069813268723292144
1154,-0.023193690607850544,-0.0002594944100304106
1155,0.0004990915017952735,0.025243218633838896
1156,0.011411720953193177,-0.011965549714359
1157,0.017604332787783256,0.02090924322091659
1158,-0.006809344283197635,-0.011350687796140043
1159,-0.0004881278007818454,0.006195952119455657
1160,0.021256730829884045,0.01798900476143578
1161,-0.015414418201967612,-0.013963324950177724
1162,-0.005354184827134559,-0.010602207238794422
1163,0.013572717141531165,0.005315209776842852
1164,-0.01064867299924303,-0.002907314256202945
1165,0.013053032263578105,0.0012650986404448106
1166,-0.009652629505481694,-0.0032924188530038703
1167,-0.0009702620732499551,0.0022803458656251003
1168,-0.006330762345949206,-0.007622017334297057
1169,0.007301024419199182,0.005595210540992959
1170,0.0091722404475506,0.014102652080264821
1171,0.01146692135741195,0.009581127841262891
1172,-0.008587786494373566,0.008508590089021544
1173,0.020394277748812244,0.0037994742870919394
1174,0.019526452565158007,0.017100634554034357
1175,-0.011111226909407116,0.0009613171403719417
1176,-0.00607054288077443,-0.01269415360824784
1177,0.0037400670359487975,-0.004267716117750199
1178,0.006511561882238982,0.00222050323184596
1179,-0.0023206615183733567,-0.0017267657424489466
1180,0.05777782614166516,0.008970122172264049
1181,-0.0008775913652010772,0.004880849145789974
1182,0.0017543476752878463,-0.0012179112844341437
1183,0.0,-0.0015857187555889144
1184,0.0017514249264989057,0.01153001095687049
1185,-0.0013132646500586217,0.003974157439388301
1186,-0.007474102763870874,-0.005665064940036069
1187,0.0008820952986573286,-0.0019359300472992986
1188,-0.01714069490380626,-0.0023035540876407187
1189,0.000454847403665048,-0.0048675985764411196
1190,0.0054422927731706755,0.002923343363709744
1191,-0.009543444292539477,-0.015443309230695172
1192,0.03234793125971594,0.01325175541004619
1193,0.008364525617191539,-0.007463181828756534
1194,0.006554600659004353,0.02006034914397365
1195,-0.0017438502188938483,0.0026442651409991596
1196,0.012573403582677304,0.007296355496880162
1197,-0.0034527363103960865,-0.0005958875424066022
1198,-0.004332738944608998,-0.004661548598533049
1199,0.008646786219466615,0.0016757345661049113
1200,0.006436410790270768,0.0
1201,-0.0004277997799134117,-0.00023929484300460818
1202,0.006397975940285859,0.003582570163474986
1203,0.016863777556116056,0.0015485100573688435
1204,-0.0008363845421344834,-0.008246171502008065
1205,-0.0008372170300008052,-0.010010459339694449
1206,-0.0037760199478352728,-0.019707884478305474
1207,-0.012264842567504812,-0.01896989764291147
1208,-0.021071480716944358,-0.009748716084416074
1209,0.002170571576910238,-0.0008908683727562942
1210,0.0017331352908814101,-0.0021672074949663075
1211,0.014611300682899802,-0.00025542622256377926
1212,0.03972927083587171,0.02769578553608747
1213,0.008573239318573763,0.003222935447031274
1214,0.00648299877536438,-0.000371550584447094
1215,-0.0024262797509703353,0.006171540404941435
1216,-0.03000014858424396,-0.019507652662783374
1217,-0.0008347095325821861,-0.010595203439004875
1218,0.0239284857119068,0.011222701426209243
1219,0.02535860869160177,0.01924921946690081
1220,0.02084637639129307,0.01791957281697155
1221,-0.0019482014406422563,0.011292698511511604
1222,-0.02088738931544912,-0.00394989781702108
1223,0.019326145115326408,-0.01620138972487572
1224,-0.011392786659085028,0.002191553820648987
1225,0.002761954229417834,0.006908792211643848
1226,0.02298050920516441,0.005900913955170065
1227,0.008435634130696338,-0.0037291920167150465
1228,0.002288281240315489,0.00012054210530302648
1229,-0.01110904225844293,0.0009636442435982901
1230,0.01339228343175318,-0.0015665263001816202
1231,0.008326954502065241,-0.00386613272987463
1232,0.02934300897071737,0.0038661327298745774
1233,0.012006552778377155,0.000843935760462823
1234,-0.009082757839101663,0.013641548136284537
1235,0.0152121971682294,-0.001427340160114004
1236,0.001436982925465047,0.004867959400836447
1237,0.00893333717983808,-0.007489832627246878
1238,0.024944234545839484,0.0022647583957027045
1239,0.018222893642029822,0.005343544838488121
1240,0.01387269067712289,-0.03752647701559248
1241,-0.004040542379289126,-0.009264256761956472
1242,-0.002026299551582443,0.0003744728292450208
1243,-0.01980252841777066,-0.000499440525096776
1244,0.010291572404811312,0.005854013418825299
1245,0.009510956012959218,-0.003981875249025977
1246,0.004048501514834424,-0.0003742683961968223
1247,0.024939053269699064,0.005349230287721513
1248,0.01886839155985734,-0.0023600170883034148
1249,0.0064247668193821075,0.00842105589790719
1250,-0.0022439030431268096,-0.01453339959722499
1251,0.001923652608128308,-0.003258697512676598
1252,0.0006403915972216501,-0.00920617275075378
1253,0.002238271054845286,0.003036102902026045
1254,-0.017072458613141637,0.004285445527146083
1255,0.0003248276734946458,-0.004790895651641511
1256,-0.005863185663938848,-0.005448887988420535
1257,-0.006226332691962962,0.0027914919503839166
1258,0.009487944658067276,0.00316284616253199
1259,-0.005551016892429952,0.004536831942032842
1260,-0.0032799081401513604,0.013984677135311136
1261,-0.021584728437150466,-0.006843040931364213
1262,-0.0077505022239550666,-0.014841314308511867
1263,-0.016027830158427066,0.02885011668665611
1264,0.0071931090957948335,-0.006669942130105075
1265,0.012548977792716302,0.0004954801052922899
1266,-0.014940972493372777,-0.00583883441938077
1267,-0.007554815804163381,-0.02230024702018646
1268,0.007896865423504965,-0.0017852689750784492
1269,0.012574674413312769,-0.004733394582966827
1270,0.0023612263695713186,0.0012813896432748583
1271,0.014715986631394999,-0.0020512780065500644
1272,-0.004659022708030333,-0.007212749544587528
1273,0.009296335091018692,0.009007751098781911
1274,0.011500010074262271,-0.0008969390256420257
1275,0.013305431331010928,0.014764232684835331
1276,-0.011999449193000476,-0.016047406407653928
1277,-0.006218388742517615,0.011488634616256568
1278,0.021115033669857338,0.0021551407799009397
1279,-0.012615337402513702,-0.015699854273604843
1280,0.005842149317214313,0.007433938077226372
1281,0.018596248574957973,0.02944358593340689
1282,-0.009896217825817382,-0.019911873456097344
1283,-0.013240974187863961,-0.00787294144897195
1284,0.008739142025807908,-0.015545993510819155
1285,0.0025749894982149395,0.019236328643109618
1286,0.0009638312867568764,-0.015617429617413723
1287,-0.01618689097398404,-0.003360287524821003
1288,0.0251384712359204,0.014394460151632538
1289,-0.0073473531309921,-0.004475903384844271
1290,0.011793122214201032,0.008677792957965537
1291,0.004426091669438888,0.00038136741748106504
1292,0.006289394360356138,0.005446707031975766
1293,-0.018029925759187264,0.00629633351218706
1294,-0.009299519328339709,-0.006170069848727942
1295,-0.0162392535658461,-0.002149527020152663
1296,-0.021847998465755667,-0.03648019106560679
1297,0.0016720300540028527,0.0013118189839697151
1298,0.0003340510834268782,-0.00367784431488249
1299,-0.0020060811374297224,-0.012447065060282678
1300,-0.01551452798799231,-0.005612016535570325
1301,-0.003746100854501648,-0.003759034177996695
1302,-0.09664148232985817,-0.020380960169832724
1303,0.025233244339176338,0.0002744835692970066
1304,0.001098672301072863,0.011054391962214718
1305,0.022440187732834627,-0.02195484342273969
1306,-0.05897069859642066,-0.012143462161128393
1307,0.013200291805934532,-0.0037986630894098926
1308,0.005604287296490596,-0.02411126012699064
1309,0.03334263055717741,0.016327914973577724
1310,-0.009413681580850377,0.006231448032955833
1311,0.014804531358848043,0.0008465707874054789
1312,-0.003590701737817029,0.0029580869641998102
1313,0.003590701737817131,-0.003804657751605318
1314,-0.003231068244528345,0.0016927902450934228
1315,0.001078147820079503,0.013995966591682937
1316,-0.011560804710638103,-0.006693636500567979
1317,0.012996642707418338,-0.004908981419248481
1318,-0.0028736193101485223,-0.005640219458200479
1319,-0.009759723846849548,-0.03643068365329921
1320,0.006156188995980486,-0.002055097612890955
1321,0.017889640041435846,-0.0011764218167042092
1322,0.001063013618178073,0.008934652586528513
1323,0.009168046004878893,0.002184722993745858
1324,0.015671685149286546,0.0015991042067723903
1325,-0.0020755883299179126,0.016853172885565496
1326,-0.0006926313902489254,0.000571151706249655
1327,0.010341239689551984,0.011638127044649732
1328,-0.020440584681927058,-0.0001410369560015019
1329,0.0059325426382143805,-0.007365791080069738
1330,0.007280498614706744,0.004397777711845953
1331,0.0017255873896708871,0.008316192464684007
1332,0.007899577704154798,0.005319743225593495
1333,-0.00962516509382574,-0.0047583290281625855
1334,0.00103559773292947,-0.0037951528750623043
1335,0.004475943053231671,0.004636396460867139
1336,0.011612014377189589,-0.004073285781018395
1337,0.00474267050352762,0.0033722633215877745
1338,0.01476020616707825,-0.0004208283002863634
1339,-0.02529207947172054,0.0008415854109965802
1340,-0.014448048622782175,-0.0005609782370843464
1341,0.003459053488104521,-0.0037951528750623043
1342,0.0,-0.0004223664999689311
1343,0.005166183558602934,-0.00437716448266692
1344,0.003086888365411938,-0.008383672777506046
1345,0.013267796515305096,0.004129656073667077
1346,-0.004063688818033379,-0.010428003603613196
1347,0.029094192807852404,0.012273519946658882
1348,0.003947288323492721,0.002266926883205028
1349,-0.0006569064619698617,0.007613128721861014
1350,0.0019693225894204204,-0.0022496084022512897
1351,0.0019652382231136268,-0.0022546653399475778
1352,0.0068481770235895275,-0.004100003218260194
1353,0.010024332662023005,0.002264039899706517
1354,-0.010024332662023072,-0.007376688302101779
1355,-0.022014959400434977,-0.008867575351582788
1356,-0.03275676542936132,-0.005473880925759751
1357,0.011264925462396562,0.01006037675751294
1358,-0.002378988101256572,0.008259951081332899
1359,0.0003401878096745848,0.020216735114286274
1360,-0.02200900603851226,-0.009215331573135742
1361,0.003471060082604049,0.020547772964544873
1362,-0.0020812308984180677,0.01202027312849261
1363,0.027399041620781252,0.0006786839687256953
1364,0.0094149067307986,-0.00040718145124594345
1365,0.012306875408294676,-0.00013567617074269824
1366,-0.0029796782228246345,-0.009685864103613455
1367,-0.00832360425519952,0.03607894931657964
1368,-0.013124912094968614,0.005537919131176381
1369,0.005742277861126917,0.011114958771047111
1370,0.0239612288962004,0.013818214268205902
1371,0.007208371909910765,-0.001668764803108794
1372,-0.001306739112663482,-0.0007709549022938747
1373,-0.006888723516337234,-0.0009005022024102787
1374,0.03810611421579479,0.002827101314462861
1375,0.0037949891009709195,-0.0003850617512992605
1376,0.014415784608879809,0.0069082110526913435
1377,0.012676033964455252,-0.0005102652454553169
1378,-0.010810883664854925,-0.0024263361945932433
1379,-0.006230515843676944,-0.0014075392469907737
1380,-0.0012508515517165217,-0.006164916646672157
1381,0.09000541461307984,0.0006439688801919577
1382,0.018136101719235215,0.004880622250873034
1383,0.007832036737209178,-0.0006408325638857041
1384,0.0025045603271410164,-0.0007693866010433396
1385,-0.024192390042700178,0.004991166209786177
1386,0.022523528948255166,-0.0003828884714042913
1387,0.01902712917769265,0.007253197026110393
1388,0.0008190058290059233,0.01259932890549572
1389,-0.013740314623135063,-0.000500911100416141
1390,-0.009452274341746161,-0.005652980974844202
1391,0.0025107547254867003,-0.005178292762767002
1392,-0.0050279236258104435,-0.008520341093578748
1393,-0.014100593960612157,0.012312058940953248
1394,0.010734515669113822,-0.003918506143718787
1395,0.0,0.0029088444147688758
1396,-0.0008432736863849917,0.003277680261508474
1397,0.0028082339841396958,0.004395750107955642
1398,-0.013836142112353456,0.0015026532368560934
1399,0.009902530819625152,0.0010004439774927547
1400,-0.011325176803276955,0.0021226865224068902
1401,0.005678576024021982,0.0009972183974021926
1402,0.009580212071983082,-0.0016209112443621918
1403,-0.00506052970471974,0.008698793753958527
1404,-0.009059980935351531,0.002841901602951867
1405,0.009341874149371002,0.005536824627759965
1406,0.0033756413730450133,-0.00430384831928066
1407,-0.0005619651800994003,-0.007793835173207091
1408,-0.0036593209819646057,0.011483682111394508
1409,0.005063281577867942,0.0015949671664831457
1410,0.012270006643986656,0.004281014352208443
1411,0.021659669105160442,0.015172307375765432
1412,0.007296189190684096,-0.001823171427382403
1413,-0.0018864138695617104,0.006910304470936882
1414,-0.005409775321122282,-0.003267279522031543
1415,-0.002444114857420619,-0.007909941062534676
1416,-0.004359583990536574,0.018040202750571315
1417,-0.0038304663044894383,0.017248921884679535
1418,0.007918308984570457,0.00670011570689875
1419,-0.017835711981579953,-0.005756942756270271
1420,-0.008898821003772575,0.004701815957499146
1421,-0.00452998772379303,0.005730301716398084
1422,0.006223535875380746,-0.0024517044847365056
1423,-0.00028221174881426557,0.010118007479685975
1424,-0.01936819778561181,-0.001737233560533701
1425,0.0028719097697913944,-0.004531009665477758
1426,-0.010667560663328851,0.004299221291160167
1427,-0.0034842818578070143,0.006356566867025557
1428,-0.0032046342226115794,0.0023014036911486414
1429,-0.008792525981827413,0.002296290777006021
1430,0.007040119065911834,0.004804869089158759
1431,0.006410225255779313,-0.003658783629866038
1432,0.009539121486267276,-0.004937646702071103
1433,-0.020637372550819526,0.009166987865785308
1434,0.004395598267880331,0.002620161271121488
1435,0.0029196993391076924,0.002499654437463764
1436,0.0,-0.0022721194348219076
1437,-0.016164793513648044,0.0031794728363803175
1438,0.014998013168489218,0.0022649994566474115
1439,-0.014998013168489263,-0.012292325480606287
1440,0.007379990312090747,-0.0005730163279220054
1441,0.014019013390646892,-0.007706931405814956
1442,0.01896056322124288,-0.0018490313044634758
1443,0.01075592925105694,0.004156014860854145
1444,-0.02249209586536086,0.0
1445,0.002300777306334924,0.008717476722763469
1446,0.00401377223432424,0.0037618365346427317
1447,-0.015861769057645417,0.005333435065634552
1448,-0.006708608265593893,-0.005447234954137701
1449,-0.007343230648014036,-0.0001137156523788798
1450,-0.006507012001448026,-0.01860836458354966
1451,0.0017789034997888772,0.010724847354664608
1452,0.0,-0.001492266653602281
1453,-0.0038581744943629146,-0.013415252619414232
1454,-0.022858048253587334,-0.01383377410669162
1455,0.0204763588991189,0.004945944926063851
1456,0.006832067470943327,0.011213761442457863
1457,0.04458053251909259,-0.004190461575189418
1458,0.0011318777298915434,-0.010789402549973334
1459,-0.003399477984168876,-0.0009436515375388032
1460,-0.006548084517104609,0.005531694864949591
1461,-0.0008572996517741459,-0.00529574886805112
1462,0.02037421461993989,0.01126367275056056
1463,0.01058801192839273,0.0027962802622624665
1464,0.0011081353373850209,0.008572882499367825
1465,-0.0030502016928442557,0.002304406452434819
1466,-0.005290190964481006,0.010646367899749086
1467,0.00362262336864789,0.0021610599064225315
1468,-0.01428799345338249,-0.001705724450021383
1469,-0.002542652650403136,-0.008917538344256236
1470,-0.0008489620700984324,0.0017212839002911469
1471,0.0019797915130806503,0.012304832834038845
1472,0.00028259595643504283,0.010027695671076805
1473,0.08420612605469535,-0.009574789395137026
1474,0.00233442186153123,-0.002039489725712242
1475,-0.006758668039448813,-0.010833008241759626
1476,0.0007821979282652166,0.003799919191377609
1477,0.006753234082606371,0.004128809871518303
1478,0.034600294257911945,0.009795139436984585
1479,-0.0035070221125508604,-0.0015881069192881245
1480,0.00025097185326930835,0.0019281125630362394
1481,-0.030050752225315315,-0.010478614847919069
1482,-0.010917644908739033,-0.002292335312122593
1483,0.013499700483550744,0.00022940076354754723
1484,0.0020607369639815748,0.0027497561519714475
1485,-0.004125815482434759,0.005476956401818279
1486,-0.009085127376958112,-0.0019363734392234782
1487,-0.013123515243774716,-0.009853401308381015
1488,-0.007957577204612227,-0.0038069210599131907
1489,0.008485887870675406,0.0077140648462981545
1490,-0.003173804901573549,0.0003439754044121397
1491,-0.0007950497352187587,-0.002870290885786967
1492,-0.00478344643996361,-0.0010354210667269676
1493,-0.012868721696011153,-0.005540159413636187
1494,-0.011397786441388377,-0.003478261937698173
1495,0.01355406169951316,0.009823855036952343
1496,0.015230846280384252,0.01347980996230737
1497,0.009763755781399411,-0.0013626408602834391
1498,-0.004210503768771855,-0.00913141451063888
1499,0.008664972261283946,0.0018328709942899298
1500,0.021467240889703,0.0005721673573985108
1501,-0.002305716448406472,0.0058169765994439595
1502,0.013501827576272786,0.00905699321976969
1503,0.0015169645923052658,-0.002821375262647557
1504,0.006547539216575677,0.0019194540841690315
1505,-0.007811599978211435,-0.00146765122186406
1506,0.001264060761635813,-0.009990985112408738
1507,-0.015018792168578167,-0.03897423353735362
1508,-0.008758338334515376,0.002488250889745718
1509,0.001292822808234897,-0.00807977178239167
1510,-0.00648088763748333,-0.0014327576807673223
1511,0.0025973131334387795,0.0015519001919813188
1512,-0.02468607037874237,-0.0009546651667896752
1513,-0.001064044555671925,-0.010080465864362323
1514,0.0021271241538885857,0.0019279405774902825
1515,0.01659451233914797,0.006957787110189012
1516,0.02425936275981576,0.00868891342569417
1517,0.0,-0.002135491584914783
1518,-0.0053689265162249625,0.0011869513670688806
1519,-0.004367335294582356,0.004733817001296296
1520,-0.008792392522961984,-0.0023641575944941522
1521,0.012903366881483452,0.010711671780477671
1522,-0.005141385510093761,0.005138395582680187
1523,0.0,-0.003150016384124876
1524,-0.0046499078161590796,0.0021011666528058747
1525,-0.00493195595508574,0.0018638440353459214
1526,-0.004433395045866597,-0.002563903416525705
1527,-0.004190734856691766,0.008482231947738656
1528,-0.01934593377946025,-0.0017371502039731238
1529,0.002138412626969157,-0.0006956542384285998
1530,-0.0013360868291053033,-0.004533518913919891
1531,0.002136777274504154,-0.010070317697441763
1532,-0.005618622760294347,-0.03436029952973672
1533,0.02202545346738651,0.0032834212731958586
1534,0.004713303876366978,0.011587303661983517
1535,-0.001830263882017192,-0.0015614230753161669
1536,0.0,0.005513803436993644
1537,-0.017690316203986194,0.0031028886246238876
1538,-0.002934482178821252,-0.0009539318359644968
1539,-0.000801849593138762,0.011385481899528845
1540,-0.02162240568165227,-0.0038991312036106562
1541,0.002183352179356404,-0.007009271029696779
1542,0.00380961842212625,0.01185135230266156
1543,-0.047840050076428914,0.005053224008068035
1544,0.030857901691714578,-0.005996174077422079
1545,0.015895091652523584,0.0008251814876059335
1546,0.019120114277445754,-0.0017689213735861433
1547,-0.007228011821219143,-0.008296913531662996
1548,-0.0075512918314410956,-0.001310012514031072
1549,0.005937974114745339,-0.0008348159678545063
1550,-0.005667228635681059,0.0023828478162316756
1551,0.015574866559945118,0.005695395779999079
1552,-0.024545987404415565,0.004132419790903928
1553,-0.017075599841921817,0.006459533154727201
1554,-0.004454412363578577,-0.008700902971427343
1555,-0.0011166171650053677,0.010922777863877547
1556,-0.007570604945329627,-0.0014027795972513194
1557,-0.013887031967438852,0.001169039040371302
1558,-0.0005709025156520153,-0.008094203414986652
1559,0.012203745840743421,0.008911858292820408
1560,0.001127817559348206,0.005471655612224888
1561,0.010092554228552753,0.002319468261963777
1562,0.005008291607139806,-0.0023194682619637466
1563,0.0024949901952315994,-0.0064061020888716205
1564,-0.03149871736297895,-0.005859521348870859
1565,-0.005156148145148107,0.014932579096709716
1566,-0.02913960205226884,-0.006039578093912133
1567,0.0,0.0017459480241088375
1568,0.018456641150223323,0.00464091080041131
1569,0.006942463902086939,0.015163948325071945
1570,-0.004043922045716502,0.009757354178791373
1571,-0.014577566520726701,-0.013297937141386168
1572,-0.003235742976440908,0.0013720599509976482
1573,-0.0017694608995715065,0.00205455449579048
1574,0.0032415562419027917,0.0018226397579975528
1575,-0.009459065412581399,-0.006852357569541807
1576,-0.007153626438945075,-0.0037890119753077565
1577,0.018376339485635957,0.003330416185074983
1578,0.010517321633977643,0.01275949325971574
1579,-0.016999317776263363,0.01616909488251388
1580,-0.008609311312319179,-0.019571022640583663
1581,-0.007782009057093175,-0.002274088418560181
1582,0.01283791605480665,0.0009102463856293339
1583,-0.0002967655721344854,-0.010289411310832533
1584,-0.008044173456610054,0.00550098989409963
1585,0.02277193775351651,0.006833638097436772
1586,0.06672925515959621,0.007238285598473346
1587,0.0,0.0020262414558048763
1588,0.014662107532172439,0.010293199974694831
1589,-0.002428661572536849,-0.0058048688575164965
1590,-0.010593678944672657,0.0006715184920780895
1591,0.007616942163183032,0.011126120129099696
1592,-0.001084529161695867,-0.004880126523210415
1593,0.0040612659431854365,-0.000889958863922475
1594,0.012085434346927791,0.007759689821375915
1595,-0.019135398998907385,0.005066724761555926
1596,-0.019231483747512566,-0.00794187137031192
1597,-0.00807690594046135,-0.02262391231263907
1598,-0.023770078228335798,-0.03059470431597756
1599,0.051350522260282576,0.0025661968290679005
1600,-0.028699566482032403,-0.018103190039761838
1601,-0.009846723980333698,-0.005471828892783842
1602,-0.005954896245186113,-0.012481937015683432
1603,0.006802658709929779,0.015340628373383184
1604,0.0016935481515875654,0.005929093165450731
1605,0.01650144175454942,0.01618419958563684
1606,0.013774459634209518,-0.011230785867543641
1607,-0.01100437930122357,0.0
1608,-0.0013839944192869608,-0.005189900699829233
1609,0.00717636870688725,0.00636577460583111
1610,-0.0024783290542642945,0.011682338513460339
1611,0.0035778439787068047,-0.006759316932392438
1612,0.0032912412641535956,0.00023403108515421023
1613,-0.036245849961545555,-0.0007016743210163565
1614,-0.022395486432312813,-0.013900621599667241
1615,0.014699728540731219,0.012026901253945732
1616,-0.004875909802793706,-0.00800180751585583
1617,0.004017322677941383,0.007767458912713418
1618,0.0034304873403422794,0.026378330984741193
1619,-0.008598574179948106,-0.0004568228025002689
1620,-0.012163502142210026,0.0020539039787072356
1621,-0.015267489784320146,-0.01377428999069142
1622,0.10601119843863414,0.003922200341934247
1623,0.026780422506388596,0.006883804357809117
1624,0.005683248203794871,-0.012656911387129235
1625,-0.008277359922074163,-0.009774503298144431
1626,0.011106837209815703,0.006991574546800394
1627,0.012000751619169308,-0.006056274388107215
1628,-0.007131980102881848,-0.009154081718205809
1629,-0.013381497007823718,0.004235287732692608
1630,0.005940717169269476,-0.00046970960994306373
1631,-0.006199882421818925,0.019770339641244493
1632,0.018994288421185137,0.005283295398525514
1633,-0.006888527240682049,-0.008281692885425046
1634,0.012719543591917718,0.012396815387014083
1635,0.031843428283663766,0.018983675096588458
1636,-0.002451496644609863,0.009579993032819367
1637,-0.0054147631987102075,-0.00110935206818941
1638,0.014212433456046376,-0.00022182031455029094
1639,0.004854365268655163,-0.0015552891961805528
1640,0.018234679764661043,-0.011180950549983965
1641,0.0014254948108694701,0.001797441942934692
1642,0.0004747648256097191,-0.005176094206209748
1643,0.0117954150626839,0.011441488473028595
1644,0.0023423879478367987,-0.014831702818896966
1645,-0.015087558170447567,0.002261411489310539
1646,0.00804364359620796,0.00022577388377318869
1647,-0.002359117881127915,-0.011130926015075565
1648,-0.03313622041708412,-0.006947693019777057
1649,-0.012282117945995916,-0.001162743847103195
1650,0.003946779234059729,0.012026150768856287
1651,0.006869438775839598,0.004815893109554693
1652,0.013116512795698466,-0.005505821618640937
1653,-0.060428592984462653,-0.0009205087822651272
1654,-0.007461592648040309,0.009852304381468708
1655,-0.01692980864483131,0.0006836044041539201
1656,0.015065737760264463,-0.0018243200383837943
1657,0.008210811843954415,-0.0020563400914219362
1658,-0.0023768000187826682,0.00045739136492403313
1659,-0.0010582473148865426,-0.003435389031294175
1660,0.0261247526437648,-0.006213409609499701
1661,0.006938277988725308,-0.009276490131332072
1662,-0.001024897500185033,-0.0002330021924623449
1663,0.0,0.0002330021924623295
1664,0.0023044623358926234,-0.0009324081297434029
1665,-0.008733647087444263,0.00558136721243926
1666,-0.002324700355820598,0.0023165758628608535
1667,0.0025826723452250736,0.013786906681966775
1668,-0.007768035130664892,-0.007559250709107225
1669,0.023125399115938267,-0.005071462295481818
1670,-0.016647827117411584,-0.010454332043038028
1671,-0.002327183339558209,-0.0021040311131808693
1672,0.009788859233843476,0.02792382975445109
1673,0.00689743372424475,-0.00845635759858752
1674,0.03502109156599778,-0.019233488561147007
1675,-0.025897872751085658,-0.006101882566653166
1676,0.005785540074792994,0.0053997797626038155
1677,-0.0047769230634056815,0.013950490329191271
1678,-0.009368347820103724,0.008964452056415679
1679,-0.008430283479490526,0.0066142657200369236
1680,0.019561183996623332,0.00045450121446036527
1681,0.005519407133988748,0.006567911475537427
1682,-0.028163809283809158,-0.021678072367134385
1683,-0.02554220034841587,-0.011834383126893219
1684,-0.003967734784195966,0.004192861086933591
1685,0.007919794176011312,-0.006997933248796857
1686,0.004198392478987522,0.013254548429442558
1687,-0.02090297491871139,-0.009516295956319505
1688,0.0021367595905769465,-0.0018673303679113498
1689,0.009030657890576181,-0.0011688976381694232
1690,-0.027340288892901434,-0.00023401480274348106
1691,0.015905442949314216,0.006297463084119392
1692,-0.018354022343399865,-0.004894550643206618
1693,0.007868625394605304,0.01783057612023413
1694,-0.01717361754687244,0.00045906211825233413
1695,-0.0019265111577986653,0.005034337757792057
1696,0.0019265111577987497,0.002962957722543017
1697,0.017173617546872376,-0.0015943818467692554
1698,-0.01059642903381089,0.006815019638354582
1699,0.012216805243287488,0.01371596688449668
1700,0.01313512327288821,0.0084500636813086
1701,0.0053120763766557775,0.007500597332329138
1702,-0.016021716919160014,-0.00484680143318523
1703,0.018667248127909708,0.013817484374919767
1704,0.0013201055459043068,0.0006530896845240943
1705,0.0021086052297783287,0.01790584920785456
1706,-0.0023724998018901143,-0.016383162229766622
1707,0.005264614519789677,-0.006541767430505903
1708,-0.00976132741100085,0.009796587520420307
1709,-0.003984598355327274,-0.007174669653929284
1710,0.007160857055841339,0.007607809211992636
1711,-0.0018516065189223634,-0.054055106104454034
1712,0.0015872881004254586,-0.011032045435822393
1713,-0.006896538637344682,0.00984089634270189
1714,-0.01555832677586327,0.0004605638992344118
1715,0.02483112360142605,0.022769633756035995
1716,-0.007411348074827504,-0.002253618784194532
1717,0.007674953720386348,-0.004976329992700887
1718,0.004734477924423896,-0.00045346059288191076
1719,0.09002438445498097,-0.0018166241369573263
1720,-0.013520286632817999,-0.008215520354351297
1721,0.013040536767874367,-0.002294040641998319
1722,0.004309349886485779,0.0016064621393149232
1723,-0.016863841153799738,-0.008983173099868819
1724,0.01399297808366998,0.005307533990800079
1725,-0.008178990173742158,-0.010410853272414703
1726,0.01200493222515199,0.007414229089018348
1727,0.00476189000624103,-0.006716802961039273
1728,-0.00047519060865312254,-0.00023230016125149055
1729,0.007575817586636457,0.0
1730,0.007986857982163793,-0.0027932530966095328
1731,0.009315425036597543,0.001164656126644309
1732,0.0,-0.0044334692833431
1733,-0.00511265182557799,0.004200639262656608
1734,0.002791898268171852,-0.0016314513871743843
1735,-0.001395012529947712,-0.007022486090645075
1736,-0.019262920611460576,0.00585538759545516
1737,-0.01819104552932316,-0.026743983813746163
1738,-0.004357262326169932,-0.00746347743540605
1739,0.005322943298466125,0.007223609729779847
1740,0.0024102499938341813,-0.00047998316777083793
1741,-0.0053101735375066334,-0.014506893529153178
1742,0.01965077394835086,0.001460084752824887
1743,-0.004757436309628784,-0.0026787640852041516
1744,0.002857192329298245,0.006077638739818187
1745,-0.0014275395218424677,-0.00803009539516133
1746,-0.0038168103210044113,-0.00982095765482388
1747,0.0009555304790908723,0.00418581379189531
1748,0.007137794501545255,0.010509587316250601
1749,-0.0009487311574584917,-0.007810639647770709
1750,-0.005711599151822473,0.0012244565937132666
1751,0.009501288518984383,-0.0007344787054514907
1752,-0.002840958209703331,-0.011082411204304662
1753,0.01365697484559145,0.005925758547246104
1754,-0.0028103529515502235,-0.006173692997813529
1755,-0.019896468861032707,-0.01875281153829657
1756,-0.005758118253792988,-0.005060584014997083
1757,-0.016497311284541096,-0.006872881841367053
1758,-0.046310293093629315,-0.015963456705378447
1759,-0.012893486485440461,-0.019392473538243096
1760,-0.00025950016833217764,0.005541547012880352
1761,0.012127563679482933,-0.00026314945846002175
1762,0.025574306504250216,0.021354918545729823
1763,0.008464046677758316,-0.011141346824796535
1764,-0.014733690609044852,0.02241491090854137
1765,0.020172516813328906,0.016424957075085633
1766,-0.00941301178033532,-0.0025095371995445827
1767,-0.01732183235815066,-0.014935093554329662
1768,0.01781948780593089,-0.00588306617703488
1769,0.030862120526725417,0.0
1770,-0.018992577964830087,-0.0028259420005152364
1771,0.009297926334240024,0.01784860542795726
1772,-0.015709672892339595,-0.009394638316745238
1773,0.028775378184059137,0.015190134620667692
1774,-0.01941807735318599,0.004512345114337695
1775,0.012180404613568228,-0.007027998977047187
1776,0.002418405536836384,0.005526145165420682
1777,-0.005328252375797739,-0.009564511941333802
1778,-0.036097772162689425,0.00403836677591299
1779,0.012012117553413469,-0.005050571201192869
1780,0.014324761649320662,0.0063092416535992825
1781,-0.010352544411683574,0.002261457323454039
1782,0.023507447176060407,0.004008122986502097
1783,-0.004852003675990873,0.0009994539975424382
1784,-0.0004865184071809596,-0.002751026485670203
1785,-0.003900553384174378,0.0025012859189859882
1786,-0.01923607190976625,0.00398894162261331
1787,-0.008251115152757416,-0.00573910895875212
1788,0.026020491130353426,0.010207764584474009
1789,-0.025518463719172133,0.007895524929600004
1790,-0.000502027411181392,0.0031898234794834474
1791,-0.00025102934072096766,-0.015056378482900245
1792,-0.008068656544659348,-0.008742394347458722
1793,-0.013765217565554606,0.013703916404662992
1794,0.014777330625062665,-0.017726053424943617
1795,0.002525840752854147,0.021924168228871117
1796,-0.02374071213669818,-0.03817644431019584
1797,0.009768722283499474,0.005616543767669497
1798,-0.01365114386792551,-0.01177990013883218
1799,0.024085179908761984,0.0201460993026673
1800,0.008068656544659289,0.01627669001480041
1801,0.004510110907405871,0.0052025527088528185
1802,-0.022757003842967253,-0.007689427624941172
1803,-0.04525417887746776,-0.01657085315008494
1804,-0.0034848521358962488,-0.006604068911549704
1805,0.0045546223424717995,0.02043202308455344
1806,-0.017799820423092975,-0.0047552459515301775
1807,0.005427400088817025,-0.02386525592930153
1808,-0.02549127698750696,-0.026293165808344503
1809,0.012689761579457164,0.009190022440272531
1810,0.04633313412758613,0.01581781440792273
1811,-0.007091269681181825,-0.025799492297619683
1812,0.023959437728673712,0.006840268559487658
1813,-0.0023186328599000064,-0.0026251790788233602
1814,0.008475675098039754,0.01357707819636685
1815,0.007643354970893314,0.0049152774327864005
1816,0.011356594716570391,-0.013248666515034369
1817,-0.0057883704305300735,-0.01794239994438465
1818,0.009545424586033632,0.005045812369539234
1819,0.019802613384156467,0.003965690172071675
1820,0.008784822240476836,0.0026349597909343077
1821,0.007262201451579539,0.0026280487025137638
1822,-0.024415241839230866,0.0026212693329232956
1823,0.00836821814717452,-0.008676252326607958
1824,-0.0044214816268487245,-0.001056644063841344
1825,0.005890976801718705,0.018075083893245417
1826,0.009257081286689164,0.01135794311418548
1827,0.0072481646549759065,0.005885983834775188
1828,-0.04354396090209432,0.010407470896968208
1829,-0.01061685823126932,0.00554016692078177
1830,0.030286337514714743,0.01421301057220533
1831,-0.003952586687060565,-0.00471513489181686
1832,-0.01245344194338202,-0.008995719025626035
1833,-0.005781024402026234,0.009244403591878904
1834,0.013769109650162741,0.01162080438652199
1835,-0.012257864135024185,0.05825036812782992
1836,-0.008340714236785977,0.011299629012314016
1837,0.01085456730538889,0.004575479375220866
1838,0.013218815353809378,0.0018244125071709204
1839,0.0014855787661586487,0.001593566922001093
1840,0.0034575603287591537,0.0022723257549514425
1841,0.006389840342841284,-0.0011355589014919384
1842,0.029924997706321114,-0.001591766859203735
1843,0.016973514418475912,0.0022733705605968947
1844,-0.0037470173341347217,-0.0036397803671184004
1845,0.0023435205643694006,0.00952607895721592
1846,0.010710176643239278,0.014343520940478003
1847,-0.00046323214543661447,-0.008042822162236526
1848,0.0041618148225493,0.004922705700724651
1849,0.004144640410735179,0.005120839079740446
1850,-0.009233634292456208,0.004873712062833903
1851,-0.023464283342807795,0.0011042853125320885
1852,0.009451900269322765,0.003525886880703007
1853,-0.013257815880886882,-0.0013206923020103157
1854,-0.024120770228560365,0.00220023928109495
1855,0.03266383916148475,0.010711725191083382
1856,0.003773529331179279,0.012102855147961729
1857,-0.023822034602142075,-0.010581998774933593
1858,0.017208891628972055,0.0010849665088334497
1859,-0.00570345529093339,0.003679939085910709
1860,0.0004765540837155756,0.0019428495380791762
1861,0.01325146474195759,-0.0030238286187525575
1862,0.007027441186831333,0.012254333244678162
1863,-0.001401529726998368,-0.0019249032562994152
1864,0.004198776116381689,0.005550774086453868
1865,0.008344964821357853,0.0014892371108680665
1866,0.011932224827867313,-0.007896853540275561
1867,0.01111498195493324,0.014254218083042374
1868,0.008535552077958865,-0.0004226720389644572
1869,0.012668221144934556,0.006319789261977168
1870,0.005066658358589727,-0.003365587698416296
1871,-0.012381292267063596,-0.0006322186277295289
1872,-0.0026732471858998776,-0.0038023132695934763
1873,0.009546137532077318,0.0021141062769789694
1874,-0.003984979050212412,-0.0038086616224679397
1875,0.0,-0.002972468333333718
1876,0.003984979050212376,0.004667023678822653
1877,0.01491250548991523,-0.00828817138284709
1878,-0.0010889468600934673,0.004896184299153973
1879,0.011698528957469744,0.0
1880,-0.005398959184027339,0.014337135845408132
1881,-0.0008665890253373361,-0.0050367440035172266
1882,-0.008488411424581593,0.004827332631400217
1883,0.00196523038387158,0.018762725869521598
1884,0.08686595983846668,0.004084384429921904
1885,0.025862643422066903,0.006251298641370111
1886,-0.02646278784298297,-0.011700852982454121
1887,0.022067094028678604,0.00774624532732013
1888,-0.02491087817444427,-0.01238076874939139
1889,0.018741078488207892,0.018617771192994344
1890,0.010525403431936049,0.004961822223523274
1891,-0.0065405405699507715,0.011890235113435742
1892,0.015978258956586684,-0.007774206982732147
1893,-0.017769470511975295,-0.004734946733818658
1894,0.026537183765285396,0.00020640141420341914
1895,0.020353959661042247,0.004528545319615213
1896,-0.012432024510989877,-0.007835024049524105
1897,-0.0021192109374848843,0.012343237542320005
1898,0.018345586597366084,-0.004713598352844129
1899,-0.020855944167389773,-0.012193971448986155
1900,-0.0013543815398651307,0.007458049822235781
1901,-0.007969671698707586,-0.03017202019691581
1902,0.01164157447337462,0.012472374626871329
1903,-0.004640425852797462,-0.0006304086983694452
1904,-0.002328313069614754,0.010039858790758577
1905,0.01197158934141897,0.0018712568217580659
1906,0.018069916300670858,0.008480738025612208
1907,-0.01194664427270619,0.006978756935483146
1908,-0.020428608134553383,0.008351180049980107
1909,0.009688121179342573,-0.00040581065660957356
1910,0.0050010414483601185,-0.021951854685255068
1911,0.008406553233818117,0.003520111630532241
1912,0.03917680807787369,0.0049483647407536
1913,-0.022946906446815882,0.005333453905786722
1914,0.00801717345708609,0.009569428045341222
1915,-0.001672752030361617,0.007067151928827334
1916,-0.012541019770203204,0.0036151717416471165
1917,-0.008512299192066709,-0.00080227123914138
1918,0.028835481898788512,-0.01170545894912527
1919,-0.019381829013169524,-0.016992954427253685
1920,0.02159424144450472,0.013128445078849742
1921,0.010442546000868217,0.0016290365690159708
1922,-0.0020068163481222912,0.00971860310455831
1923,0.01755862345642067,0.012912487226053915
1924,-0.005397638266269949,-0.008288906701449652
1925,0.010230748952362782,0.009779485546445392
1926,0.0060531143115854745,-0.0014905788449955937
1927,-0.010886224997678365,-0.015535365471935481
1928,-0.001436502327502645,0.0
1929,-0.006309169193264721,0.0032271283608496194
1930,0.015075705155713664,0.007323141970380551
1931,0.00035610329850912804,0.0004995834171918125
1932,0.0037324063988905458,-0.004004041755304571
1933,-0.01034243850550431,0.004004041755304463
1934,0.018293712669467624,-0.0004995834171918351
1935,-0.0037027918921347814,0.009450415158920688
1936,-0.002830315057560096,0.00641503972237069
1937,0.001593104117596875,0.006862757335850905
1938,0.024804681331345252,0.006816050068717842
1939,-0.003110401774956209,-0.0654641363332621
1940,-0.03433133644120872,0.005579120875716668
1941,0.03657870196562986,0.007233768118795673
1942,0.023213256251998923,0.010447665685458914
1943,-0.058896783131904565,-0.017473963198167707
1944,-0.04240403690076103,-0.03224391952869681
1945,0.007625882851714739,-0.0025733935433054017
1946,0.013618105342941689,0.01237744655743743
1947,-0.022551698796710262,0.01452806675297218
1948,-0.029598130663160208,-0.009661888481195657
1949,0.008055302568348714,-0.008691081144870156
1950,-0.02534231003549728,-0.012640744016463588
1951,0.007417597893917493,-0.0036722069730772936
1952,0.0023310266150260725,0.019076775751177645
1953,0.006960538381850846,0.00487140682958894
1954,0.005572161469298942,-0.0004226178752002485
1955,0.01841523705717475,0.017807022762748443
1956,-0.012302606754129749,-0.011696071221834824
1957,-0.010529436331165732,-0.007168439210363178
1958,0.006139720189671444,-0.003178941761902089
1959,0.010276063784960396,0.006980418736139237
1960,0.00434493547233913,0.00504632399649999
1961,0.0028235312876065664,0.0077300825999869665
1962,0.013813965857866397,0.006844421799485089
1963,0.0025920473398942613,0.016197112055589637
1964,0.009752562670707164,0.00345145164363376
1965,0.006388632029904188,-0.005487262530182297
1966,0.014809756440284982,-0.0012235409485293757
1967,-0.006655321120479575,-0.02290877628708972
1968,-0.02633168070065005,0.004166630796391617
1969,0.0024058269873098036,0.010752736592960556
1970,0.019585163182854956,0.007989408897737766
1971,-0.012035221987720944,-0.010254377222030837
1972,-0.006441542756697603,0.0057554683868235364
1973,0.009738336951516272,-0.0018463407369579696
1974,0.005652263990082244,-0.006385936646405744
1975,-0.0009095043828404999,0.002476808996540028
1976,-0.0030985389205035884,0.011070216831298657
1977,-0.015452779723661735,0.0008151642294815211
1978,0.03264621784359128,0.011343082657999251
1979,0.022883524480716507,-0.0010076335117588505
1980,0.0019272472018717788,-0.000403190613586921
1981,-0.012151182223999154,-0.01934695002616188
1982,-0.04883450249987352,-0.026040422837667335
1983,0.010548838333978941,0.014874061080463104
1984,0.0027576080843071905,0.01281001661882749
1985,-0.009221754560932372,-0.010525289571561706
1986,0.03244905147510207,0.005998609502266794
1987,-0.0005382398923706979,-0.005583709387207478
1988,0.0057265938475004234,0.003519236031067477
1989,0.02258385959971414,0.004947498563811785
1990,-0.01759989073846717,0.005127716863957961
1991,0.0014194253474082204,0.006321957010969533
1992,-0.00230760373307501,-0.0073453782962650885
1993,0.0,-0.009258368144415052
1994,-0.02647136081696837,-0.0323490026746409
1995,-0.0031070335122966495,0.007656352357616461
1996,0.007295308823706371,-0.025752498344143573
1997,0.012460701182477657,-0.01754432242843251
1998,-0.00937621716480786,0.005515773383830547
1999,0.007040418855560305,0.007234460011316423
2000,-0.003965419631348462,-0.0010927714151392441
2001,0.011313738227887787,0.0017478858800806002
2002,0.004809864035789112,-0.01984199002107545
2003,-0.05497601944711336,0.010190583445143323
2004,0.030327813191660124,0.0017618320996742737
2005,-0.009149194653587977,0.0010994886864111421
2006,-0.008121166999733464,0.005042199909766091
2007,-0.0012980103815948064,0.0015295104145732893
2008,-0.009508854984520582,0.008695784936515133
2009,-0.006012818018268651,0.002162064569251345
2010,0.008071461933577996,0.0032345537804762525
2011,0.01300166845527866,0.0077203886833778
2012,0.004419016532806982,0.0017075931064484782
2013,0.0031184323514163318,-0.00663317250794911
2014,0.0,-0.005813345604096931
2015,0.0,0.0012947539794039202
2016,0.007117511413162146,0.011364988124961258
2017,0.013008226788464725,0.007011575933256884
2018,0.012132259427341351,0.0
2019,0.0028333221823018057,-0.004456190745296234
2020,-0.0276102593031949,-0.005331098959216152
2021,0.011027927121857068,0.0027757137712555724
2022,-0.00089936149457643,0.004255282971483
2023,-0.006318280652950143,-0.0027638247616367066
2024,0.011165273200793843,0.018352969626065804
2025,-0.019165359504932047,-0.001883050363892619
2026,0.004189801329807735,-0.005249297823043234
2027,0.012106051215505393,0.0023130729120777243
2028,-0.0007185842847629077,-0.018656483628843003
2029,0.001436760258180592,-0.0021422352774537515
2030,0.025515140626404486,0.014900256146314744
2031,0.0038414785657464733,-0.0008454894799995429
2032,0.009539574753868551,0.00422034898409097
2033,-0.004498235958510026,-0.004854965048741416
2034,0.010693464795533812,0.015328437706580747
2035,-0.0012016343019500772,0.004988549107717791
2036,0.004797795308860027,0.0014502752810644874
2037,-0.009273678193197537,-0.00852482956450839
2038,-0.0005177116507363273,0.018003552029942714
2039,0.01745426258950296,-0.00041014830201765523
2040,0.02711011382126377,0.00572831369903709
2041,0.02333464424044794,0.004274757294114032
2042,-0.0030692602025788915,-0.004886969802968493
2043,0.013498556499564744,0.010356437125131282
2044,0.008898797173453408,0.015037894639224583
2045,-0.006825946216091065,0.008915429777917554
2046,-0.007193700731047047,0.021946687883386662
2047,-0.00048140577498506355,-0.037250626680250656
2048,0.011331980071363738,0.006388509018946326
2049,-0.014225388266834858,-0.005587695909717621
2050,0.007697260508116666,0.00558769590971757
2051,-0.04242071588395214,-0.021116879760172295
2052,0.006479005839387569,-0.0014238094260741441
2053,-0.01888906641556358,0.007704776965918496
2054,-0.01154118073114443,-0.005062220888611783
2055,-0.02453900984051814,-0.0020320978947601857
2056,-0.002803043239711759,-0.0004069547865920395
2057,0.022207692902199698,0.005074633791287573
2058,-0.0032653874171090494,0.0
2059,-0.002930804523948146,0.0030325061171499264
2060,-0.001728011453428605,-0.015460113109604426
2061,-0.010606091012535662,-0.0016412942033035406
2062,0.016125270080670256,0.05444534714107634
2063,-0.010373536576883112,-0.00048625080677196664
2064,0.002430072338739378,0.010162166664560449
2065,-0.010281460157202117,-0.0014454181758947156
2066,0.02508131024629449,0.011981891424194471
2067,-0.026659054426797366,-0.009093063290347569
2068,-0.008987594011984628,-0.0014434099579523395
2069,-0.06509341062412244,-0.05390668956427481
2070,-0.008157093600864987,-0.0075487159385216425
2071,-0.0205915331434387,-0.04567195760209083
2072,-0.026001035508848237,-0.03356901387943116
2073,-0.01589089831824758,0.009267460967318827
2074,0.01768532407063996,0.005257463626927904
2075,0.005562167763483151,0.013454984243744058
2076,-0.013160660540420371,-0.0008626400129900647
2077,-0.0328500530576648,-0.03289764135090638
2078,-0.05873364924026832,-0.061140390770337665
2079,-0.02810804253916067,-0.036938384390828256
2080,-0.09585329875993978,-0.007157920537931174
2081,-0.14394396788175862,-0.09721925153058635
2082,-0.011219844497791913,0.039084109507465735
2083,0.02163238774022981,-0.015344210406726995
2084,-0.01548638362071348,-0.006687233818055858
2085,-0.035776950756214926,-0.025827037476809117
2086,0.0590869754167065,0.030112031796381708
2087,0.019793729981954476,-0.05380002437997974
2088,0.07824392589185761,0.0073054818686306726
2089,0.07721885844398375,0.02160155405251847
2090,0.016917724679524775,0.012794445868157478
2091,-0.02668088361916872,-0.024645252966278522
2092,-0.01034281739537872,0.012124607491207666
