,DBC_return,GSPC_return
1,0.006859349199145591,0.0049507128508448055
2,0.009073305543320536,0.0003451502277895481
3,0.0009672607505726094,-0.00018007128167213193
4,0.0028962805466611454,0.002181296623418367
5,0.00192607189040657,-0.0015211624766698752
6,0.023455979830011835,-0.0040124831355570125
7,-0.01865673806357158,-0.002797288285388168
8,-0.020639153247400722,-0.007807095629645459
9,0.007789644910933016,0.00019021749033607875
10,0.002583111218939784,8.367358416155872e-05
11,0.00514645591323773,0.003917728688013768
12,-0.006114340859509496,-0.011078997678250173
13,0.00032279883810961373,0.005714809859449345
14,0.015687834932930904,0.013424434957363863
15,0.00727963079113968,0.005262908851541469
16,-0.0031585191971328598,0.007345567978505787
17,0.005992778947729531,0.006230397841249276
18,-0.007258985278619693,0.0035491182594331546
19,0.0003166367402844198,0.0005437711956175824
20,-0.09911720305223003,-0.01556251515504345
21,0.03605530390619313,0.004533870183753401
22,0.009065076865199329,0.008041615923687528
23,-0.032611594901179174,-0.011173689596234297
24,0.0010353612935258731,0.004883493405895713
25,0.0017233298743094315,-0.008100046388008753
26,-0.013171837078943921,-0.006223718765188906
27,0.0024394889898225786,-0.00036862909934729285
28,0.019986856736874302,0.00876527255202601
29,-0.007878064805318722,0.0021755726817325703
30,0.009241872807359268,-0.007717974569208765
31,-0.016143294782370303,-0.011997265281523447
32,0.013413851428455857,-0.0008277227819167527
33,0.017945256759762145,0.0031781136070356897
34,0.0036844977791058186,0.0039453222364298265
35,0.005667583449618541,0.004072615936277927
36,0.005635676911915058,0.0105370144175309
37,-0.01264148248150897,-0.023048225442123153
38,0.008666637031504014,-0.0012255865542156546
39,0.003974845450004966,-0.009781492493975665
40,-0.011637716881759307,-0.010818515832998586
41,0.009321017310643848,-0.0009568654013498664
42,0.008249499967452063,-0.004195663787953193
43,0.005571103862876399,0.007350409011499803
44,-0.010512605670510005,-0.014078483250656129
45,-0.006626975500618028,0.0006685328853120984
46,0.006957235416948228,0.012532913437113038
47,-0.027105599488346958,-0.017585569373047852
48,-0.004078842694002052,0.0017527982098021974
49,-0.004437634085503104,0.0030403900144636963
50,-0.0054889307833557305,0.005380688815148305
51,0.0006878193256546142,0.013334179698297926
52,0.00445887289866239,-0.006489459933096923
53,-0.021446608912471476,-0.002831993131328495
54,-0.011959430548599121,-0.01179507731235839
55,-0.0003538419775167565,0.009142537114691915
56,0.017544286207434968,0.01286129245471109
57,0.017925336652608728,0.008248633355299953
58,-0.010647564463714622,0.010068371998806698
59,0.0013803146258402007,0.01430686888069793
60,0.013358608735205635,-0.0013370724983078476
61,-0.0003403050365204163,0.0010010579536909561
62,0.020883168715528082,0.01039958288979927
63,-0.0010004866999898739,-0.006985458198418048
64,-0.007703904072815543,-0.01825616724210156
65,0.008704390772805558,-0.004443369384587112
66,0.013574207154551285,0.003101027066791998
67,-0.005605975425673893,-0.006738782684162599
68,0.008888995005897534,0.005539055896932783
69,0.0013101015333078154,0.008014031487046625
70,0.0032679322482292673,-0.0006710579185603125
71,-0.004905911884808599,0.01345526277864005
72,0.008163299939593737,0.0009074397337185291
73,-0.004889951987821622,-0.005658995355618983
74,0.007812533323987843,-0.0041134205834674215
75,-0.0068327020484642165,-0.020517724232866155
76,-0.0032700695232621524,-0.0032392073828791694
77,-0.0082223674227715,-0.006471427558948348
78,0.0,-0.004140860952172306
79,0.0,-0.025888908737896864
80,-0.014972796428648953,0.005003145958232311
81,-0.03861747436654677,-0.04900165542718358
82,0.004172410766355352,-0.0005750826506944846
83,-0.037833706520896335,-0.06895836943450136
84,0.0096827524978745,0.04631744075436581
85,0.004273379045294526,-0.045156796565161056
86,0.0214457848648545,0.04525059445445439
87,-0.0013923257549776106,0.00524787511209872
88,0.012117177023746647,0.021550727436822226
89,0.0,-0.009786274786537718
90,0.008566120735713681,0.000946938237782741
91,-0.02487176438002076,-0.04561859958983716
92,0.01768114093663463,-0.015122756029436324
93,0.0017167152626617057,0.0002580078802441777
94,0.010239103463627998,0.0337102489999169
95,-0.010239103463627908,0.013034651363933732
96,0.004449856546602023,-0.015687934685227733
97,0.011207474424283444,0.015008418016619016
98,0.003371535907253451,0.027887504820918303
99,0.013373710510472973,0.0023442751140500743
100,0.001659177865757266,0.004909908955411446
101,-0.0069872942120476015,-0.01194246103532645
102,-0.005356484562299186,-0.02560701708427715
103,-0.003362535748480406,-0.007464076911629788
104,0.00905284984470268,0.02824382506251739
105,-0.006697857029938934,-0.010668890638688481
106,-0.015919109921547308,-0.0270685625679224
107,-0.0023927922173645044,0.0069415689914432
108,-0.0030847932359640085,0.009078725677133468
109,-0.0048176685127681845,0.013389760861324722
110,0.004130864693265522,0.017041046184164466
111,-0.004475866030034376,0.005690476045437955
112,-0.01880932633808129,-0.011513335184066236
113,-0.014877969717718962,-0.029830995035749975
114,-0.035971248620622696,-0.03240245660045334
115,-0.014533507669723616,0.029131609618993755
116,0.016750849187404056,0.010631665604788586
117,-0.027316957085023037,-0.02090819559946183
118,0.011691585035192026,0.00808148572559597
119,-0.03510474260122998,-0.025291274073703088
120,-0.007014822362800664,-0.006624296973885886
121,0.013980858958388562,0.01770791883893188
122,0.020611370623412086,0.01813816898081466
123,-0.004543757217754342,-0.008196811388366448
124,0.02954043769188184,0.034099499450172245
125,0.0018406547684150128,0.009747046989915568
126,0.0022041566716695447,-0.002978102544420329
127,0.02249738635569291,0.017230948907104127
128,-0.014456404154170528,-0.019559937847550314
129,0.005445722862047278,0.020213049768703705
130,-0.019744768546925338,-0.01272981878580141
131,-0.001478100559938213,0.004543840013484459
132,0.005164086772295276,0.018634067203175588
133,0.01569659070828215,0.01279080635645752
134,0.0032544543900773974,-0.020248345735624156
135,-0.005792952353527815,0.01048143040424352
136,0.026161689271463888,0.03371659130801372
137,-0.0042538318893898044,0.00038915352848697753
138,-0.015393153792268533,-0.02504861661566454
139,-0.011976213860924408,-0.028340060002416203
140,0.006187378500940562,0.015976363213593157
141,0.01548186917632844,0.012307787624195163
142,0.014541898906513553,0.00627600849227674
143,0.004917471986113503,0.011667310457509532
144,-0.02232162475061626,-0.03738534680496661
145,-0.0010754470138673662,0.008587200623956638
146,0.009637820847780507,0.019293223470775833
147,-0.010714351781839066,-0.009596037252336943
148,0.007155604529587828,0.004805598837444564
149,-0.002498628583237315,-0.01675579881020812
150,-0.023505020442315377,-0.016942671746074063
151,-0.0014646075240143965,-0.00039475692744326657
152,-0.007355653536240085,-0.018824571157262385
153,0.006622525713970409,-0.004149438516689919
154,-0.023373374901374505,-0.025032089659040614
155,0.01231123862059356,0.02882107913553532
156,0.012893986724857677,0.0022112064853691674
157,0.011644842674045416,0.04240343872625359
158,-0.0036244188761082752,-0.0019104696719150817
159,0.008676837003364635,-0.0002410155679785222
160,-0.0054141986724595996,0.010234463494354152
161,0.005414198672459591,0.0011051381859313693
162,-0.008676837003364716,0.0020163207326190672
163,-0.012790172145502857,-0.02136849880134289
164,0.003671025725758411,0.016742412247979434
165,-0.012908176897344109,-0.015026386341024017
166,0.004074816740664335,-0.008723953642829154
167,-0.03613491636696816,-0.011413251353248253
168,-0.004995218253830494,0.0032378530966175574
169,0.008056872578568932,0.003210988954574501
170,-0.004596043333979442,-0.0118021979677113
171,0.02277146261700772,0.02938929572588712
172,0.007104141404758154,0.001947608265089926
173,0.001117171889496915,0.008231576931130663
174,0.009261027888805293,0.009073585830574986
175,-0.011869680797067836,-0.012556506203601632
176,0.00298066425579689,0.010650172553083813
177,-0.0014891832370312655,-0.00430057078195068
178,0.036939713531102356,0.015543389819928094
179,-0.013738538872545808,0.00293939285205289
180,0.0043588288050566875,-0.0025401850017326196
181,0.008301870983337555,0.011105567615417268
182,-0.00287980644363916,0.000309549024282574
183,-0.014158804746480572,0.0023338831012438607
184,-0.002196201745707767,-0.004960204308478432
185,0.006938075431533536,0.0035466576710562565
186,0.00036390474305679054,0.011046689040167881
187,0.004355664208604371,0.004926501765025408
188,-0.007270091175006923,0.0006692358823760052
189,0.011606902935395569,0.0004712318329508072
190,0.0018015272795257377,-0.0010263441401837825
191,0.008245249922089214,0.00864169533851486
192,0.002852012915009862,-0.005770508375100225
193,0.0035536886791199406,-0.0015941478060837427
194,-0.010340585036221456,-0.0025253088662979617
195,-0.002512152830042929,-0.0004570514434942066
196,0.003228732093176119,0.0088602377468864
197,0.0025039546596546244,0.0010945476478100317
198,0.011720988474699694,0.01449972568738235
199,0.0049313291228155216,-0.0004239637463352829
200,-0.0007029781389884713,0.002021337693743905
201,0.004560549227678261,0.0021578808520291556
202,0.005236564513613098,0.0014730249524499133
203,-0.00944549054689252,-0.006910122254640916
204,0.002457401321668168,0.006777023411420619
205,-0.0003506878241907732,-0.0009399653506934872
206,0.0035013563151121275,-0.005397747885188856
207,0.004533619351189944,0.01096536613622677
208,-0.0017412268167077219,0.0023461755846049363
209,0.015563135749545005,0.0007196641479348554
210,0.00922293129876716,-0.0033456975903777483
211,0.0030554691412193885,0.004262903358796532
212,0.006083211142050282,0.0016708409580589543
213,-0.008119082976765293,0.001353642854879183
214,-0.00033972695874117786,0.0033507135715839884
215,-0.003744774206676055,-0.004748242755950766
216,0.015567250901779354,0.006139156463639526
217,-0.010124994870522415,-0.0032510350730651405
218,-0.004760334540126117,-0.003877200628466232
219,-0.016495170725343414,-0.015489506349164149
220,0.0044943281781933036,0.006876922071334682
221,0.008244700307771009,0.009770048956533979
222,0.002733138214291565,0.0036246730667990343
223,-0.001365635351873875,0.00016044800332657864
224,0.004431548165728754,0.017969132836255664
225,-0.006825977298994678,-0.0011969781783957077
226,0.0006846877118093137,0.005949466209694305
227,0.012245128622171605,0.0011187722204363244
228,-0.001691738314898119,0.003965971475124757
229,-0.01466863697732927,-0.00487797838756586
230,-0.007935107671204417,-0.0072326346906493744
231,0.009651822933866197,0.003104035969073563
232,0.004449856546602023,0.013790300381183415
233,-0.00410679627335878,-0.0028207495878521307
234,-0.00964863887284863,-0.004953759059609514
235,-0.013947216969737783,-0.0016092241104783904
236,0.011173327902547159,0.003691614043957627
237,0.012765399996541747,0.0074766258661601226
238,-0.004466532796774485,-0.003996611693184346
239,-0.015617255732267694,-0.010254926890774988
240,0.0038401717220554786,-0.0006292402362135677
241,-0.017929861884040738,-0.028652463105351963
242,0.002480038307605145,0.007421289713527038
243,0.013007745568104233,0.01368531498198971
244,-0.01018081806174897,-0.012553466745689194
245,-0.009929206362508542,-0.0005037276222782715
246,0.004622240548548083,0.015367979155556181
247,-0.009624005773088268,-0.004063533294476594
248,0.0003580971663196412,-0.005952075691295047
249,0.003930665282557757,0.0011685823662640762
250,-0.0017848077892226519,-0.008443113184727818
251,0.0,0.0036730201552113684
252,0.0057001199759238435,0.013552342390234307
253,0.002129141344621121,0.006657952090802797
254,0.0031852726091996623,0.002411414013334378
255,-0.00922972614052194,-0.0007484315921290183
256,-0.03115063794020468,-0.023616827571829944
257,-0.0036859862123571107,-0.004287852877344215
258,-0.00778495708418157,-0.006724827789849203
259,0.0003720113475343234,0.002514247274167905
260,-0.007468269578845159,-0.0033930909019277778
261,-0.013205261457738674,-0.01117507305272
262,0.0018971479240564213,-0.00576240872092158
263,-0.0011378567994362794,-0.004413543664174999
264,-0.0022795268375701717,-0.01516579780476635
265,-0.0007611029396234987,-0.007415201328121324
266,0.013235222809753651,0.0159086839885332
267,-0.014377886021954929,0.00048621906224531267
268,-0.011113360570411525,0.0016922701589776837
269,0.00038527696838352185,0.0013790806440273197
270,0.003460829244589501,-0.002167981140983631
271,-0.004231452323323947,0.011018055539220986
272,-0.01867765033901966,-0.014438629565941524
273,-0.008678517914334079,-0.0022792608816784216
274,-0.020817533221531393,-0.024951295421528887
275,0.0056475426582027225,0.00010954847004250914
276,-0.0036268760426507157,0.005710514368207433
277,0.018400556223082416,0.022787776137155467
278,-0.006760802620446955,-0.00010647042750778646
279,0.0031872101736220753,0.008081420842677035
280,-0.01846695854086903,-0.012700423459016714
281,0.004850387947949546,0.011583389898696603
282,-0.007690683675717173,-0.007048030200275555
283,0.011714903309860069,0.010756592872281524
284,-0.0016077367748301842,0.010284745474422378
285,0.0008041708059697947,0.001443703604362775
286,0.008405101311691622,0.009767834293192081
287,-0.016476142924923505,-0.001687780467252756
288,-0.021708859691294814,-0.022513207706894238
289,0.009888824528314482,0.0071489894088038386
290,0.010197913456038073,-0.01608350251574095
291,0.006875648701081766,0.004761367757481641
292,0.005627154399176725,0.008944781908068293
293,-0.010880681393316025,-0.0021120287036858554
294,0.042441379292856136,0.02461479365003303
295,-0.0019436086918026383,0.002456292462259558
296,0.027630324594337813,0.006212771737937388
297,0.003777892282247791,-0.0046980419474619405
298,-0.02327020571822294,-0.009477418402212799
299,0.017598040633302402,-0.0016401763376865891
300,-0.012977300116420098,-0.008159121614497037
301,0.011079354025249484,-1.4924038422614223e-05
302,0.002277009791990434,-0.004999574048739471
303,0.012057524758073238,0.016362758853171448
304,0.013392912804984827,0.005065360177202859
305,0.008830148579282032,0.00665827507372362
306,0.0120154599949284,0.002713415635037125
307,0.0,-0.010112620836301853
308,-0.021215144907329148,-0.008948978524753596
309,-0.0059325685607536345,-0.009082050235958199
310,0.007410275181193343,-0.00031391076289847745
311,0.0018439730420664296,0.01640566294684132
312,0.010263992537221904,0.018900814359986393
313,0.005818193603729049,-0.000483476534740232
314,-0.012037374700866276,-0.004326173099859644
315,0.0014668690540887812,-0.0029041929023549294
316,-0.008463823823561024,-0.007531963413957689
317,0.016856499948371805,0.01886128801680736
318,0.005797075745742661,0.002326560556345682
319,0.007558041946378898,0.00509376337427386
320,0.0028643402210462286,0.0006206337236971194
321,0.008189541871340073,0.0004135999059779626
322,-0.005333419359751152,0.0021860504612261716
323,-0.007874059476503364,-0.0012526852452191702
324,0.0010773781191891663,-0.00012815415574377143
325,0.008577674694760864,0.0011389912123344658
326,0.003906895259425575,0.0070754207643009236
327,0.0014169861229771693,0.0018703834471956854
328,0.004591187655973644,-2.1174844312951057e-05
329,0.009119618114868526,-0.0035036668583813906
330,0.005223798817458134,0.00022637741894539467
331,-0.004874630655488437,-0.00810499947091411
332,-0.004547857401739927,0.006433988465311986
333,-0.0045687074434710385,-0.0004891347915982223
334,0.0007042882652878764,-0.0008085086328079597
335,0.001758372801104858,0.0008439926761763128
336,0.0010535414918334072,-0.007836429898453557
337,0.01047499294247359,0.005060470063711105
338,0.00034727777609700687,-0.0011666395729665923
339,-0.004872969879176674,-0.0010682316535977731
340,-0.00034893855240895953,0.020229536819646184
341,0.011107288489540464,0.004041795108803332
342,0.001379838546439843,-0.006166805730952812
343,0.0020660882454782356,0.0031300524231057353
344,0.005146692224316946,0.0020905056020050954
345,0.006821321134490488,0.016178171710518767
346,0.01048195266648411,0.003951135773137891
347,-0.035259489685609595,-0.004410178510260868
348,-0.014742296649776056,0.001184852060092443
349,0.005641723110828376,-0.0005408799499570979
350,0.006658495530616246,-7.532229979452285e-05
351,-0.01053373364902883,-0.0022351495444944314
352,0.0010583733332375433,-0.010557389535232569
353,-0.007077182849156373,-0.005753253538059652
354,0.012352384326207522,0.009602727623785312
355,0.005945139365895264,-0.004487807912684417
356,0.0013936376835198654,0.00264799746778056
357,-0.005236564513613084,0.000871906889520157
358,0.004191536313792121,0.010766678741398236
359,-0.005242054107370205,-0.00032164060288039127
360,0.004544641771595022,-0.013402906505619322
361,-0.0017455178962732308,-0.006207254957711453
362,0.011464523390411235,0.0001953702788080363
363,-0.013913327999649396,-0.0029705449556433985
364,-0.004915745362300145,0.008045470708260123
365,0.0007037925924030128,0.010217555773385567
366,0.00035160206971325385,0.004108605965369814
367,-0.0003516020697132639,-0.0024467196305996124
368,-0.015240462084541419,-0.016710145006792722
369,-0.0046536418285626595,0.00043948576040626187
370,-0.012274540059441681,-0.014549235017921323
371,-0.0029101113213724585,-0.0030901522348015147
372,0.002546810204020909,0.0029910651585018625
373,0.0021778295219666483,-0.0007292480664761608
374,-0.0007254909972114025,0.0001558677117622361
375,0.0018126297336285725,0.010867212854096794
376,-0.017169324877368285,-0.009423718490295416
377,0.00843886641513087,0.0021614716319645596
378,0.017744389271295735,0.007822509203480283
379,-0.018841066008566092,-0.02399048463821501
380,0.0014618933656566596,-0.012279932930479829
381,0.008002993558137907,0.0016972514097554265
382,-0.004721282960047914,0.0001304788613486278
383,-0.0018218011043850603,-0.0039933834756060715
384,0.002913365644035775,-0.013948870401252686
385,-0.004008041538458858,-0.0015948158245184026
386,0.004371531998292215,0.004828274861760182
387,0.018725904786595717,0.019667376906862512
388,-0.006801620833772557,0.0006631664750651433
389,0.004301060162271122,0.00231749315482334
390,0.0021437413046903643,0.01091055796861976
391,-0.001428625600372556,-0.005240293931182989
392,-0.0032218341493977175,0.007825331255542512
393,0.006789395338744179,0.004260553240478095
394,0.0007120607313375314,0.00016249465956725198
395,0.0024879715090925865,-0.004756519326031014
396,-0.008914292229866535,-0.0017112757132447503
397,-0.0010751353493076822,0.001583607321777076
398,-0.009004228521079538,0.0033011357820488317
399,-0.0010859209126579308,0.0029166620828259197
400,-0.0021755353460718827,0.0003385035749804644
401,-0.0018164313500385605,0.0065275313199763116
402,0.004716107063565115,0.00044813887996507606
403,-0.00908938220130595,-0.006341489769947904
404,0.0061897064877793565,-0.004143975597093198
405,-0.0007261317949605112,0.011800687830712153
406,0.0025394188653190116,0.011421185869362593
407,0.003616702665790819,-0.007618145236680873
408,-0.00470423550193795,0.005473104129230565
409,-0.0018151871465234629,-0.009422944458271678
410,0.006880289097392917,-0.008461420095950679
411,-0.002891180471554177,-0.011111445760830067
412,-0.0036258075084871773,0.044651647780366316
413,0.0018145284046151339,-0.0031280032210797624
414,0.0025348582484776847,-0.003247639705377111
415,-0.00144771951206045,0.002652345963678274
416,0.0036153208390090736,0.007568699708768817
417,-0.0043400232697134375,-4.7514918614037186e-05
418,0.0021724219427650534,0.0001969283956677301
419,0.0010843879752981107,0.0001969724674912684
420,0.00432590508768855,0.0056270601874587175
421,0.006453971008087759,0.0033974923370216413
422,0.002855066424450126,0.004418332215343064
423,0.0010685518694281998,0.0015063419238833973
424,-0.00071216769878,6.614196394574037e-06
425,-0.002139845216229751,0.00543070889682907
426,-0.0003570742150316513,-0.0018513341236916236
427,0.005698016519923245,0.005093003707688872
428,0.011299510081176743,-0.003907244749308247
429,-0.0003511804684044774,-0.002566592234674997
430,0.003856290779809194,0.010002513494821156
431,-0.0035051103114047085,-0.011605832704006383
432,0.0038549393700467714,0.010362632138918
433,-0.001400051116708158,0.0005490198229907062
434,-0.003860350700183889,-0.0018070307454410902
435,0.0038603507001838656,0.005641994542558368
436,-0.001752824857593269,0.000987699889777931
437,0.0003508108492855936,0.0005920875485756956
438,-0.0014040547134353285,0.0006904333780515555
439,-0.004223813427767173,-0.0010456279141647954
440,-0.0038876735729672612,0.007309694217125475
441,-0.011396089095887787,-0.012481711278323742
442,-0.011527533058758409,-0.006323005315588122
443,0.0,0.008734213623575345
444,-0.004721282960047914,-0.01847927557967887
445,-0.0018218011043850603,0.006090876312884706
446,-0.006219181097137294,0.012645699235804539
447,-0.004413410002801793,-0.0008644531160147261
448,-0.007027897840453471,0.0023211591454764036
449,-0.0037188846137789855,0.004600126548869261
450,0.009271407974883131,0.00952055194460004
451,-0.005552523361103988,0.001083925136550605
452,0.0066593151645232065,0.00181484372843214
453,0.0029454699353141122,0.004471128747533346
454,0.0007350138847656467,0.003243818870290457
455,0.002201843458293727,-0.0024061458895049035
456,-0.005145146039726225,0.0013131897606470596
457,0.007342189677860508,0.0055873515575722895
458,0.002192152092082329,-0.0016197735602557614
459,-0.005856565152383572,-0.005525569958121574
460,-0.007369129220768454,-0.002425469877600088
461,0.002585300927580309,-0.0016417599450505229
462,0.0018426140892807508,0.007148643917922325
463,0.0007361717554345238,-0.003345629788569204
464,0.009155884202500979,0.007754963756202642
465,0.00509092539392074,-0.0005885230873802471
466,-0.009475310218160211,0.004048462872359079
467,-0.004771499378261475,0.0006753172923888402
468,-0.017069094349964602,-0.01060213348031541
469,-0.0011232928016836892,0.004040278973726808
470,-0.00074969210933533,-0.004304145059550841
471,0.002995094292358695,0.006282958771466247
472,0.00633509835192278,0.0035380657673862808
473,-0.0022313597425040075,0.012115443258439667
474,-0.00410373860941875,0.0035459564012624576
475,-0.012413120991053418,-0.0028407979843970994
476,-0.030357738822245017,-0.02323412503743907
477,0.010479365055585986,0.014205840870952304
478,-0.014780508920909898,-0.01443131335138883
479,0.01052441824428489,-0.006723556348606993
480,-0.0023292416810029347,0.008808989279103601
481,0.0031044249113024746,0.004650798215427389
482,-0.006218517296369574,0.010365312617511991
483,0.010857119202406893,6.340318526258725e-06
484,0.013026983628464155,0.004026614491222491
485,-0.005726260170835613,-0.0018438118362902767
486,0.005726260170835673,0.009642132755179358
487,-0.00534364784746967,1.2531454169209386e-05
488,0.008763785189455716,0.01760216416245689
489,0.0045419593287910195,0.00413053857943543
490,-0.00037770967582896836,-0.0036939177463315705
491,-0.004543757217754342,0.004312343632759662
492,-0.004564497220792092,4.288884098859256e-05
493,-0.0034370781773259617,0.010091066791116456
494,-0.0022979397960536945,0.005101103202359986
495,-0.0011510321526618423,-0.005022331626565857
496,0.004978003419823387,0.010247411984728727
497,0.0064725439270102445,-0.0007078686202549049
498,-0.005708825459049861,0.0017209046128593664
499,-0.004590689735121938,-0.008308073907991176
500,0.004590689735121928,-0.002928115212740451
501,-0.003824122928127184,-0.0005515173899826066
502,0.009153453038765578,0.006320962102872176
503,-0.006475008664442661,-0.007072936701166059
504,0.0,0.003663625218982331
505,-0.011916298532221661,-0.014410576956968865
506,0.012298258618065605,0.005918440036802404
507,0.003812498865865046,-0.005526047967109571
508,-0.004576643673047458,-0.013875554873113023
509,0.003815368534375269,0.008454454651964021
510,0.00228216720726305,0.012749914347878475
511,-0.0038066938317191526,-0.00034687342765627843
512,-0.00881050949126891,-0.010205264360045457
513,0.0011536086333888847,-0.008404776689422239
514,0.006512175195414551,0.014676068591821044
515,0.0041912625989466434,-0.005902401135768549
516,0.002278817452584168,0.007538875812737376
517,0.0018949907287675218,0.007760963712857687
518,0.0015134113091213534,-0.013948301396968838
519,-0.033054451323570315,-0.025328424825547896
520,-0.0062721058644586115,0.002666219490842604
521,-0.004335004024719853,-0.012219369026923953
522,0.0007895668373459282,0.009452456258130987
523,-0.0027662156893889164,0.009544789999321882
524,-0.0003957990601541194,0.006180691047567341
525,-0.005159817412652361,-0.004298789058746449
526,0.00634674493222271,0.005389199832911966
527,0.003946281178686073,-0.000545056762633086
528,0.009017979340482155,0.0008237078172235597
529,-0.0023447153358378855,0.010150046029892097
530,0.005073192662673151,0.005237805036502349
531,0.006208784904210852,0.007203661721820439
532,0.0030900358468219356,0.00018157606866144437
533,0.0050009433289939925,0.013463213116111398
534,0.003829981342471215,0.0030817296989934157
535,-0.0015302012138366716,-0.0023417198845427094
536,-0.000766058439147782,0.0027702064016788992
537,0.004205724280632335,0.005020341749538103
538,0.0007627268857526006,0.0016087557552058895
539,-0.0007627268857525227,0.002030962261141475
540,0.0015249508790220563,-0.0018536534855123367
541,-0.008032140710113617,-0.00381850317841328
542,-0.0011527221065080915,0.0025532102261524472
543,-0.006170513208335435,0.0008279511931405902
544,-0.000386916755004979,-0.003743033963048466
545,-0.0034890839937611025,0.00037374715485425335
546,0.0069660365955879775,-0.00013641883113869047
547,0.0023112570901156642,0.012462588439829694
548,-0.0038551212272308066,0.0016391141885908423
549,-0.005033823714986175,-0.001480930703614387
550,-0.008185673361032934,-0.005739473105531134
551,-0.0066758442690564405,-0.0038131256991678873
552,0.005109081122277706,0.00387792090416856
553,0.007031303608880422,-0.003576347732949943
554,0.011994682768856057,-0.0011535857171365899
555,-0.0003846049277078032,0.002772209725484634
556,0.008047530856492568,-0.00519006291320109
557,0.00949673506173102,-0.014384565330551637
558,0.0003779952207370239,-0.0033100674825096146
559,-0.0011344145736011753,-0.005917777677325157
560,-0.0018936334503807338,0.003813913102159847
561,-0.0011378567994362794,-0.005796369613313738
562,0.00037950756479226885,0.008582441676510389
563,0.007935019292610805,0.0039392418724934625
564,0.005629550653600097,-0.004047839409246441
565,0.009683485150431758,-0.016001539337487443
566,0.001481537773453754,0.0027438776346883054
567,-0.01041673313765483,0.0019614766442517134
568,-0.0029962930164031177,-0.003179367044217729
569,0.005237501375335831,0.004155575331022221
570,-0.008619048798763651,0.008084187609614818
571,-0.002260708522885195,0.001209131539507258
572,0.005642255946312856,5.442972586488241e-05
573,-0.006397040322153902,0.009943282143316507
574,-0.009101307186199498,0.007318940308237029
575,0.0015227463899524798,0.0030476348223743544
576,0.004932592738859556,-0.003386141864693187
577,-0.003032561249700774,0.002711001481768641
578,-0.023042574299486644,0.009885878168704624
579,0.021522759760106053,0.012104121692590333
580,-0.003809515571257811,-0.0018446543158112249
581,-0.009202551132373098,-0.007243054172260952
582,-0.007733924666336284,-0.007331280302378892
583,0.0015514896603489256,-0.002743224909682913
584,0.007722060209575784,0.0034793656032793357
585,-0.005012513178952248,-0.004082121695637923
586,-0.004261036690972502,-0.006047479878978737
587,-0.006621240463129985,0.007966724581194526
588,0.009721975713404349,-0.0006668919395241257
589,0.001546769602676128,-0.0019915057270858657
590,0.006931126328144885,-0.008542747606735544
591,0.0034475717837893285,-0.012408749964991285
592,-0.0072922782985485185,0.0005737415844519881
593,0.012631849753852776,0.02159562337283485
594,-0.005339571455304225,0.006266595276393315
595,-0.003831449053959138,-0.0030223481283138047
596,0.0076482741193108095,0.01373280403158392
597,-0.00534753316592904,0.006721314211134143
598,0.005728486193634504,0.00652740570253026
599,-0.0022875052592325317,9.173210661182967e-05
600,-0.0011456785538042661,0.005721116373787111
601,-0.015402679134687137,-0.004735753204100576
602,0.00038796753299044645,0.003252838312269109
603,0.003098413069474936,0.004385214824128161
604,0.003859425953652818,0.001328816053354726
605,-0.0027001009513502134,0.00556866131660858
606,0.0030852295385574153,-0.004887849367181147
607,-0.008507401997030251,-0.003846770833910138
608,-0.012504997584102036,0.0028992146473564603
609,-0.007103489238064118,0.0007546684985873676
610,0.0007918363613012356,0.004256468411513934
611,-0.007148585907067821,-0.013270436104209306
612,0.005564408062770363,0.013338208830702846
613,0.0043503935336864,0.0007226704619381608
614,-0.006731396244273609,-0.002373205873850625
615,0.0043609044454383265,0.008062752950319121
616,0.00434168574754879,0.004825596755005392
617,-0.001576644187971808,0.004213146500079024
618,-0.006728650195033489,-0.0037050527499677332
619,-0.001589885546219508,-0.0020450551774362094
620,0.000795217833242789,-0.0036422359964005456
621,0.0031347963400649628,0.004949190399327752
622,-0.0011743419015317568,-0.001264141177163071
623,-0.00039184806538408663,0.00014979349556215417
624,0.0,0.002481998418085971
625,-0.00039192097929130666,-0.0007859979727733519
626,-0.0011766853938579651,-0.0027227239896045067
627,0.005869750238473085,-0.0031979559926300456
628,0.0019489919411244806,-0.0013043430125309462
629,-0.001169051628233672,-0.0043490162059933515
630,0.003502662960166653,0.01117519514273447
631,-0.003502662960166628,0.0018154510836030993
632,0.003114092385067106,-0.0031847248958637646
633,0.0,-0.01138139744302154
634,-0.009371400608535472,-0.0037776885457322393
635,-0.00393084999247494,-0.00010141544932860369
636,0.0031458504944410414,0.0063001522572351445
637,-0.004722494682412829,-0.0031058059013874917
638,0.001970417133596255,0.01651090578049235
639,0.0023594678692066377,-0.0005800969708974965
640,0.007824779890263027,0.004807155052903931
641,0.007377220866434325,0.012613196735146204
642,-0.0058196094405687775,-0.00017926989415945096
643,-0.0212355942269417,-0.007797504027829289
644,-0.0007952178332427604,0.006063345182553029
645,-0.009592350958776698,-0.00021223169476523466
646,-0.008064490723643833,0.0003482487348197936
647,0.006456753948813658,0.0023040303630947503
648,-0.00040232804207597956,-0.001896090211525279
649,0.002812944285122111,0.005152889134354843
650,-0.0016064454370763408,-0.0013480283593690404
651,0.001205086279896354,-0.0039027806039482592
652,0.00240574215562713,0.0027699124295116296
653,0.004794272876168046,0.000574699765987097
654,-0.000797519418044047,-0.008929324539825888
655,0.00039888025099689206,-0.021096421496433173
656,-0.006801375864748166,-0.004888221590398364
657,0.00480579284181042,0.00612187539440163
658,-0.0007993496043541315,-0.010261704005370608
659,-0.004006443237456371,0.011204044242667764
660,-0.0012050862798963368,-0.006486289887023708
661,0.0,-0.0230966046034598
662,0.007607581893647736,0.0076120433833299075
663,0.0019924843260380144,-0.002030282110028631
664,0.003972975647687972,0.012363054415667341
665,0.011433208047925565,0.013214193602149099
666,-0.0055030832901279345,0.0015680046422408135
667,0.007069846436906551,0.01073207732552877
668,0.005464540462101766,0.005793211820059861
669,0.0034972185421399847,0.0047976894791714655
670,0.014250117321676279,0.0011578034561477322
671,0.00267325146860102,-0.006545861900521323
672,0.001905217047079763,0.006013341665569577
673,-0.0026681956818561557,-0.001920566511816616
674,0.004189666248688075,0.006167455362051985
675,-0.0045714132763770435,-0.0013485905500071854
676,-0.003067523989606968,0.00493588147209405
677,0.003450136312972909,0.002778824222610397
678,0.013683311583340156,-0.007405866361986168
679,-0.008371436879194468,-5.3352436971208566e-05
680,0.00912900230641382,0.0017169331218907797
681,-0.004554025131129829,0.0005379447019983361
682,-0.008403492232022738,-0.00046335357880703833
683,0.00038350387542110365,-0.005095096941602211
684,-0.0026876208499725563,0.000305124168463053
685,-0.00462434149862879,-0.01177009150656236
686,0.005392970524969401,-0.0028257664511163196
687,-0.011203562630094362,0.009567717601968869
688,0.005037805081111344,0.007193682274893525
689,-0.0003865379782890559,-0.006150524844822699
690,-0.004651267102822308,0.0060223339608095686
691,0.00038841964665217434,-0.007813561419886672
692,0.006580274104770879,0.004394271004723066
693,-0.0007719319688948264,-0.0070249366727707435
694,0.008841030240706491,-0.0019018915970694392
695,0.0003827022265453901,0.004629489214126183
696,-0.0007653145499111897,0.007892871543850963
697,-0.012326921649380996,0.007014688196849145
698,-0.0023282580504878107,0.002849263364256829
699,0.00812541608809162,-0.0011270847458568043
700,0.004613634490213507,-0.012616543077148771
701,-0.0023041169745513664,-0.010808312462366923
702,0.011467976833782655,0.003743538047800029
703,0.0026570160097979458,0.010859039462616495
704,0.000379076066904228,-0.021105967921619943
705,-0.00455756264353409,-0.00953205993380767
706,0.009094448111711407,0.00818370818243813
707,0.0007540599283440174,0.006734579455406538
708,0.001882898242070387,0.010433868421252783
709,0.002254838957479081,0.0013629237109863976
710,-0.0037608040162087552,0.007851804521109628
711,-0.0007538532626655858,-0.0022157667665058493
712,0.006015012149581378,0.0017154879007302134
713,-0.004131443475715342,-0.008129344778570191
714,-0.0033930599638198767,0.0032308115393364836
715,-0.0026469686000235655,0.007737010061477714
716,-0.004934543354704917,-0.001492626496084154
717,0.001140885850783573,-0.0015588091622294855
718,-0.003045338010430479,-0.001374569203583731
719,-0.004968451166384982,0.001518322882863128
720,0.002296259652984446,0.00962625620353982
721,0.0045766436730474295,0.0004216689160136121
722,0.004555754408349555,-0.004712089631633998
723,-0.0060790023365991834,-0.009405903805412535
724,0.0011426632122013,0.003739962410462956
725,-0.0007616434503289399,0.0038374143479077863
726,0.0019029633397306327,-0.006519604608733057
727,0.0018993098877920736,0.008083340419706916
728,0.0007587930986163213,0.0023594442281097716
729,0.00227269715120045,0.004239392885523124
730,-0.008358714356361648,0.00596995027375222
731,0.00038137728227127517,-0.0011146928115250102
732,0.00038134960348126324,0.005352758658190892
733,-0.007654009797011567,0.0018419804474474298
734,-0.0011532443700307796,0.0007275616685557737
735,-0.0007694370646884858,-0.0003792887455594933
736,-0.002698059082162929,0.0018898767889498752
737,0.0011572478645283304,0.006504082091086018
738,0.004231452323323892,0.0046170833074168915
739,0.004213858612640912,0.0009383313051080236
740,-0.002679469603399812,-0.0002460141541459958
741,-0.0026865893445608253,-0.003543310938772622
742,0.014119680548493706,-0.0071141394519117
743,0.0,0.003129659288411029
744,0.003026824351414029,0.0008363552703892505
745,0.0011327013029303523,0.002170212477404665
746,0.00414245035577704,0.007689243041890284
747,0.00972331968796761,0.001276663295470623
748,0.0018590566798361448,0.0017285636751956316
749,-0.0037216526393403703,-0.00013247297232689385
750,0.0014902928968364372,-0.006456106559874446
751,0.0014880752284835838,0.004885557511601102
752,-0.004097470288088462,-0.0011795791244539316
753,-0.0018681631449226467,0.0019090451182738103
754,-0.006001590792301728,-0.00037232626800353795
755,-0.0030143179842476195,0.006655572989467255
756,-0.0018885489180035012,0.0006585961622618137
757,-0.0018922002554768466,0.005464550082404563
758,-0.007986281833942978,-0.003931239059080168
759,-0.0026763174612905805,-0.007073761940482105
760,-0.0069151097221282695,0.004633516493711175
761,0.0015408112176345588,-0.004139628149623692
762,-0.008892461548722867,0.0014698417040041947
763,0.003876000748766131,0.004831861083339868
764,-0.009327653139205066,-0.0019339649278224034
765,0.001560569783620137,0.004192285014020564
766,0.00233649798003555,-0.011904605841449497
767,-0.006634120108644985,0.010212609109589852
768,0.0003913801178821576,0.002680664443653799
769,0.002736063135266248,0.0017529010446366798
770,-0.001171630237363169,0.00048803645880490185
771,0.0039001075641986274,-0.004860945719489595
772,-0.0019481524284279263,0.0002881132119240551
773,-0.0031250402342452577,-0.004538068410161087
774,-0.004312867953743997,6.0910859931627437e-05
775,-0.005121156836959864,-0.020201931980177314
776,-0.007930269851116875,-0.002863216474704778
777,0.00753525252839841,0.007163314543852351
778,-0.004752459961759442,-0.009732679043913324
779,0.006331593882565852,1.5638271756435624e-05
780,0.001970417133596255,-0.005572115476053515
781,-0.004735458693173262,0.01146542280237354
782,0.001580924961489371,0.002755624961050605
783,-0.006339201309922513,-0.0016379824023902696
784,-0.0007952178332427604,0.006684767255010713
785,-0.012004905750764903,0.004336398269042116
786,0.004017669630078148,-6.137474762164965e-05
787,-0.00845586757952041,0.008495482892998821
788,0.002019850192085776,0.004988190507018713
789,0.002820837732438579,0.002474748191573312
790,0.00241158512794208,0.002945547103469124
791,-0.0016070908465477696,-0.001994575068243624
792,0.0016070908465477978,0.004776354099215308
793,0.0004013591571799845,0.001050529102244025
794,0.0016038276740152155,4.99857503217804e-05
795,0.0008009502685353519,-0.0016913306037347868
796,0.001999655742079898,0.0033149143879037907
797,-0.01448726712499114,-0.0005442143074759894
798,0.004045341154663997,-0.0007794444561490795
799,-0.004045341154664041,-0.001535599560371172
800,-0.0016226963211128686,0.005023247943363353
801,-0.004883989888427891,-0.0030778459166717516
802,-0.008193381609066758,-0.00656652170576526
803,-0.007017689533033001,0.003639443601109835
804,-0.004983245587273666,0.0008815168822394808
805,-0.007941632167454945,-0.005980405437436892
806,0.010436401791484503,0.0067461033734300966
807,-0.004161499644552589,0.0012948051691653573
808,-0.00963761695014008,0.004879257096969231
809,-0.0029516801124016764,-0.00047738354157524153
810,-0.008481917606116898,-0.008045602355597658
811,0.004249973465806553,0.002008726796378382
812,-0.002122663339410344,-0.016300913470395906
813,-0.0017014245701048427,0.008539261452038368
814,0.005942255091416942,-0.002550050978835718
815,-0.017503095833686373,-0.002789816662903139
816,-0.0034512517842122197,-0.013337106173277633
817,-0.0038969883103269877,5.143448679720599e-06
818,0.003032322160981565,0.009537249347285108
819,-0.003900365944128505,-0.01524161825803474
820,-0.003915548655043354,0.017310947462643108
821,-0.01183962040494182,-0.020877848600460262
822,-0.0035351766057130857,-0.011517079997145095
823,-0.015165344289667265,-0.015027413674669867
824,-0.012664182537091818,-0.008133300760382232
825,0.009963947766468284,0.0001449674521030581
826,0.0035987876035096906,0.012801813375545616
827,-0.007210526720783531,0.009101116120155846
828,0.008108180533482785,0.019385370551727926
829,-0.011279147651933483,-0.007326100691114549
830,0.011727580264237895,0.012228305755854488
831,-0.0062977305704449635,0.007028690296054234
832,-0.0027113558701201542,-0.0015026967912612134
833,0.008111835255470011,0.011868364593755272
834,0.011602164668484093,-0.0013863159905223388
835,-0.008465209249049322,0.006210796953581754
836,-0.0013432573872945136,0.01166311452590388
837,-0.02357317372529665,-0.0029527820484470256
838,0.0027486639618250325,0.005684310712170566
839,0.0009143881604200987,0.0037684038179458044
840,0.004560003009388099,0.00034952512292524095
841,-0.009600083666182365,0.0031153271076324886
842,0.0050400806567943235,0.0006964516570189691
843,-0.0032043535578378246,-0.0007013627206375028
844,-0.01851051036509317,0.0005297044015839017
845,0.010685348955330475,0.00024024123365344922
846,-0.004167675940648233,0.0007350887777627421
847,-0.0051174585168104825,0.005120849579061897
848,-0.005143733411794902,-0.0015022868144790934
849,0.008403439666847007,0.0019651638682952766
850,0.010635793129908018,0.0052232126037382535
851,-0.013429148587271664,0.0017092382016978085
852,-0.0023338356781538315,0.002802052554923378
853,-0.046876012820233195,-0.00254566438022057
854,0.02035942518993646,-0.006852789739160712
855,-0.021339323685071663,0.00636416703985698
856,-0.005899742725839283,0.003757673690596567
857,-0.0029629246207745143,-0.001162571611194858
858,-0.0024758276838651853,0.001663831448245356
859,-0.017504840313590942,-0.007283021862191163
860,0.007038645825930364,-0.00023785219748231713
861,-0.01565287494240085,-0.01648612083506605
862,-0.009202498270736319,0.0045254337712382214
863,-0.008251875998800152,-0.01634646579210128
864,-0.016184058896843427,-0.006362786185510773
865,-0.005806218478141449,-0.008525260043086874
866,0.005806218478141409,0.020148073536758092
867,-0.003162739654480755,0.023731374483640814
868,0.01467516904690372,0.004559638028821056
869,-0.01837795550891778,0.0038032226158686553
870,-0.013874263374757815,0.005771045657006573
871,-0.001075254165017018,-0.004900592697364842
872,-0.0339201999583494,-0.02915161875927482
873,-0.009505344595924498,-0.008933254839187015
874,-0.0061987486318240154,0.011562735816043841
875,0.003949175273825152,0.01773016853612145
876,-0.001690594336588177,-0.008439322152986302
877,-0.026287339791134907,-0.010708502624708146
878,0.010941687231489194,-0.0058300285881662875
879,-0.013841160474256067,-0.00929090321018478
880,0.018982490145047166,0.013334893185903807
881,-0.01376957127147583,0.0015487524912987062
882,0.006334693880581035,0.004720464879542292
883,-0.0011487495164671355,0.015154312961683942
884,-0.006341879122491404,-0.005506656287837127
885,-0.0034763209466639492,0.0025651682269424068
886,0.005209841247757837,-0.013478287784341066
887,-0.014539347912553272,-0.01358750298545512
888,-0.004697536960479823,0.009489517148010497
889,0.023845243694430536,-0.013077099123800397
890,0.01369877514822734,0.012879170322592608
891,0.027399060918036313,0.01433623822774274
892,-0.022309886270046715,-0.004164706312833226
893,0.013445512290511663,0.010238810823374916
894,0.0027785706773970948,-0.0034240276947173063
895,0.00993931999793284,-0.004256239569424903
896,-0.012717890675329932,0.010618979721447886
897,0.007208310160661041,0.00956926077843813
898,0.010988971805898959,0.0040664593404575655
899,0.0005464038576506552,0.0015962998616407095
900,-0.012088006952710702,-0.0003143585041465455
901,-0.0033222736465499864,-0.0010626219688207137
902,-0.003890035556585016,0.006107842884446431
903,-0.0067039593641357005,-0.0003033853452762039
904,0.0005603734462268032,0.0027549722990950704
905,0.015012873627511435,-0.0007660169415973412
906,-0.008312657377967528,-0.0014771185417172892
907,0.01106820150252735,-0.0029606829375931087
908,-0.014412640559570472,0.0061062383803760925
909,0.006123009734440179,-0.004548872943907828
910,-0.008918612069492153,-0.004398161230775469
911,-0.003927019804125863,0.0011953653627569873
912,-0.012443719960480326,-0.014275356219564148
913,-0.0028497777390422366,0.0039366624176442495
914,-0.013214782313476283,-0.01710682119786812
915,0.005191808462764473,-0.0019195207034581805
916,-0.004613614568180022,0.012522702237719055
917,-0.020438567295063083,-0.006093237174407888
918,-0.0011807429832459814,0.013442908996060394
919,-0.00711327353333363,-0.003325697655703168
920,0.02699687904463166,0.012085101644750693
921,-0.016934661050819963,-0.004884488902589555
922,0.013454426487435462,0.00897238213196052
923,0.011554164269708218,-0.0017472567103759362
924,-0.0080739297063239,-0.0061583457609898215
925,0.002891031173520485,-0.014665926443847035
926,0.012051867629160858,-0.0023803309880471176
927,-0.020167803223445784,0.0023657611241204987
928,0.0052249044207646495,0.01216238230737031
929,-0.011648316739032777,-0.008834685901175145
930,0.017997636074223847,-0.003973254603098161
931,-0.005191808462764485,0.00352345253119019
932,0.017770536632819058,0.004523039848138451
933,-0.01950712687586578,0.002678941452436106
934,0.0,0.004447576210592148
935,0.01037476831641893,0.005189376920866279
936,-0.004597764455910345,-0.004591806842473793
937,0.004597764455910269,0.0016284321389502543
938,0.019870101939626725,0.005134989081813554
939,0.010623381862891168,-0.0007787469583322442
940,-0.0022271420367674416,-0.011375703905032222
941,-0.0044692200219979125,0.009192748250198819
942,-0.007305470898416612,-0.0014817023709090096
943,0.0033784510942906475,0.0050745829128360466
944,0.0122906036076319,0.0023549409829866624
945,-0.0005555080294519193,0.0022502664628334234
946,0.0,-0.004149912989626211
947,0.0016653708429909164,0.002765404488902604
948,0.014317399251838359,-0.013927901159266893
949,-0.009338147098820727,0.0011932355688490301
950,0.00550351608634712,0.013368148149806192
951,-0.004400387106583151,-0.0051025566779002406
952,0.010419475429501161,-0.002953996469317054
953,0.0010906100763676085,-0.00030500142470468256
954,0.005976740620394996,0.010721604647198088
955,-0.0005418511543234524,0.0007681184449803146
956,-0.0027137804524696124,0.0030433126126717365
957,-0.021423438465791186,-0.0006435815758645556
958,-0.0022235424114108258,-0.0009309492303487615
959,0.012168409777827944,0.0023351455783891246
960,-0.011056077765098373,-0.00223638478974677
961,-0.019647018951230916,-0.010335205180265266
962,-0.013698775148227283,0.009120918790045868
963,0.00515901249923252,-0.0012675637262110088
964,0.012500168246776102,-0.006338514954439115
965,-0.002261134678976369,0.0020573430769848127
966,0.011814553583232698,-0.0010091047804279632
967,-0.012947099403655677,0.002116629136818338
968,-0.009106487747376822,-0.00866056199292249
969,0.004563668430794776,-0.0014372153446468713
970,0.0005689822942692302,-0.006495560421355581
971,0.015801757470336835,0.00041826549652815233
972,0.003911658623580079,0.01197049183612386
973,-0.008963638279282062,0.001737116638122209
974,-0.010181119077127187,-0.0070188746545117725
975,-0.004558350164266361,-0.0046332892479042445
976,0.002851402913052062,0.005673730313529999
977,0.002843412416383521,0.0019776842314756056
978,0.0,0.009854000136930916
979,-0.009127383850112095,-0.0053176152385387195
980,0.0034325685206764455,0.006076368254549354
981,0.01192169465633855,0.0006356661823521784
982,-0.006795008943548769,-0.00738046569667404
983,0.0011357029980724946,-0.002978003904075029
984,0.0045301320012469636,-0.0003901560496901303
985,-0.004530132001246879,-0.021086969192055022
986,0.021337135960287128,0.0026549619429538794
987,-0.012297359425979336,0.006912096699292873
988,-0.0016888068474205289,-0.00030807039266700365
989,-0.03322185830255295,-0.0038692324426552824
990,-0.005841178626685298,0.006062560533126555
991,-0.004697536960479823,-0.01679296482345699
992,0.011702844171509694,0.002259647701629263
993,0.004643009528002903,0.012262986096672824
994,0.0005789824762463072,0.011005268761367504
995,-0.003478455719013436,0.004443272991280755
996,-0.011682217126802327,-0.000735256382355035
997,-0.004711430137421265,0.007982733578169756
998,-0.005326959409500731,0.001105571852248525
999,-0.011940522547051512,-0.0034998597876056818
1000,-0.014519299684741636,-0.0023905652122773076
1001,-0.008567992737268004,-0.005692210212307539
1002,-0.008022275869502318,-0.010761020698430391
1003,-0.019393781778502792,-0.005791754695735023
1004,0.008178735890225977,0.012310073597852267
1005,0.0031280208625079713,0.007292142756948173
1006,-0.0037548396096295004,2.8367163377986376e-05
1007,-0.013889118026817653,-0.0022741038379835692
1008,-0.016666956814252894,-0.0027606940266825457
1009,0.0058008410388895116,-0.002252239308820163
1010,-0.0038635082247393607,0.003109838409255063
1011,-0.000645427109719148,-0.00778319577967061
1012,-0.0038809350880545054,-0.0028790232242949477
1013,0.02116145826225095,0.012726835975794628
1014,-0.01341452534711587,-0.009603065023412289
1015,-0.003220570717361435,0.0009496038930463306
1016,-0.004526362197773667,-0.0012760257482792195
1017,-0.0065020185686824475,0.003904332041982352
1018,-0.003921520101555924,0.005197891546057335
1019,-0.005252866074929378,-0.002628982682793983
1020,-0.011254584651724497,-0.00828913667207091
1021,0.0026595396357379257,-0.021325960481545045
1022,-0.016739571850054192,-0.03236924211323932
1023,-0.025300571673053763,-0.04021144449188405
1024,0.004146601590581481,-0.013614249963910554
1025,-0.006226296701861731,0.0382912997435538
1026,0.035450208954724824,0.024007254278508312
1027,0.025786608378204536,0.0006085511883560783
1028,0.023864341631150494,-0.008427078458492412
1029,-0.03370378060578586,-0.030022649772647302
1030,0.008533120975567273,0.01812767102646989
1031,0.006514591911578324,0.0011641159398742432
1032,-0.012414368172417624,-0.015448308659813455
1033,0.007206094259907542,0.02477363695127497
1034,-0.013140816487977111,-0.013995035710028114
1035,0.008561083157836184,0.00526407544510463
1036,-0.0013123182436642392,0.004477006564644335
1037,-0.012553881230901901,-0.004098041462695541
1038,0.003318977340799525,0.012749687874278685
1039,0.01643156922229923,0.00866774082813926
1040,-0.006540358471850517,-0.002564344732523137
1041,-0.015206765181120508,-0.016296231019642143
1042,0.003325531196037926,-0.013258934056283898
1043,0.005958228386351706,-0.0004659015868856396
1044,-0.013958299048553353,-0.026001211006746214
1045,0.006671116556035964,0.0012320937592521393
1046,0.007287182492517395,0.01889589835357429
1047,-0.0066224504813486565,0.0019719386827028343
1048,0.006622450481348681,0.014213792986497257
1049,0.013115033248001522,0.01812459378516266
1050,0.019355443809823982,-0.0035946894030196345
1051,-0.0019187463024632307,0.008003519802530596
1052,0.004471361187977912,0.008779780315526627
1053,0.0044515876937135206,0.0007248485914304157
1054,-0.022458457558422948,-0.005574159590027377
1055,0.0025923185639302494,-0.004727430826714385
1056,-0.002592318563930225,0.01474355129517228
1057,0.0006487099239680596,0.00456006137448722
1058,-0.018325138994497923,0.00027050902843496526
1059,0.0019795183294536015,-0.0014221007367133545
1060,-0.008606493830071591,-0.005842449343177387
1061,0.003318977340799525,0.016490847328002923
1062,-0.005982058445743751,0.010969953689202727
1063,-0.0026701920471449377,-0.001914932661937263
1064,-0.0046901306094331175,-0.002557385834390161
1065,0.016650379262140195,0.011770488448379798
1066,-0.005962243489449331,-0.0004498755974541147
1067,0.009917369395671791,-0.004821481838965113
1068,-0.005276985090110622,0.01180387662338928
1069,0.0006611480058909519,-0.0008273139030275294
1070,-0.007962841412493028,-0.0011327897786013324
1071,-0.006014106110751994,-0.0003476820330367387
1072,-0.008751267587146984,-0.009871290634763304
1073,-0.0020304994167207324,0.0015094553561973928
1074,-0.010214593982449923,-0.003233307464179374
1075,-0.01447803429719111,-0.014089163191530417
1076,-0.007668181579383553,-0.011270640608151911
1077,0.0048865049712823625,0.014793302627265626
1078,-0.0154388368521199,-0.0013402770185119402
1079,0.004234246318811923,0.016033230015307577
1080,0.0,-0.0011237403815994775
1081,-0.0014094242842753112,0.0038029554525950086
1082,0.02369452318412813,-1.4373754618539686e-05
1083,-0.001378341100671678,-0.00012914090666551906
1084,-0.01528869768453245,0.000593441447398639
1085,-0.006322523947205165,-0.0046517999903487525
1086,0.01121251416352041,0.010623939088486897
1087,-0.02112754693635486,-0.011056592615915887
1088,0.011323464517993315,-0.014477826648337102
1089,-0.0014084317451589798,0.02031785626111037
1090,-0.02931926801028221,-0.007014043939197074
1091,-0.005092702606517662,-0.006511052399572088
1092,0.0007291937809359385,-0.007769086475925991
1093,-0.0036509966402975074,0.002248856407415749
1094,-0.01029437104184439,-0.01961386758563884
1095,-0.006674016415934349,0.004744287921380818
1096,-0.002234607307038562,0.010562580218900188
1097,-0.004484251047415578,0.014410635565352437
1098,-0.010542354612165758,-0.015154776290347281
1099,0.0045318232806640995,-0.017957495093582236
1100,-0.004531823280664049,0.007748306436591674
1101,-0.004552375966827686,0.008778095942034334
1102,0.0037950193832278862,0.008560744521784002
1103,0.016529386313188392,0.010573663970038498
1104,-0.009734280170000094,-0.007243398785254138
1105,-0.002259779512344876,-0.024878526724092225
1106,-0.009852317192404602,0.002010204259629531
1107,-0.016123205977324768,-0.01320216291585605
1108,-0.004654875682919426,-0.02398581654463065
1109,-0.0046765645156264714,-0.010897537692782108
1110,-0.03417092816441624,0.008625422717159256
1111,-0.005674846370273011,-0.025282375384065234
1112,0.002436021408877625,0.01655806118493503
1113,-0.02131241353429545,-0.021835772820744094
1114,-0.008319402272848709,0.0005316801874443635
1115,-0.0075471886993448214,-0.011762766026242346
1116,0.01337811500894941,0.005181988539958619
1117,0.029461967652886598,0.020080726790476438
1118,-0.02201470120909717,-0.015761544984816713
1119,0.019592448015145404,0.014045237921062407
1120,0.012053180197936459,-0.010922922453367977
1121,0.01112006273210017,0.005513350623189365
1122,0.009433984524033021,0.024458651059441346
1123,-0.018957817412868287,-0.00044333466431949073
1124,-0.01769966650214133,-0.018920968934657827
1125,0.02485105147877976,0.0049796200223488655
1126,-0.0015848462912317798,0.0015255683580189725
1127,-0.006364376183433679,-0.018654158095200504
1128,-0.004800026144676085,-0.01425505823366472
1129,-0.02599657006972584,-0.0006638403938297871
1130,0.0016447148001055424,-0.0001889683543472353
1131,0.026754789539210722,0.006952567908431477
1132,-0.011263287273026772,0.01638173787203596
1133,0.020817533221531348,0.01634611050447102
1134,-0.005562115114617152,-0.004676632002429538
1135,-0.008803704642741772,-2.6033408087781506e-05
1136,0.015157888158605415,0.0143507312538776
1137,-0.013551484022335232,-0.012532577326809282
1138,0.012759415621088684,0.004429959879716432
1139,-0.0007927778899853177,0.011284366553322904
1140,-0.0015871985191714952,-0.0018718651532711654
1141,0.01262833192552624,-0.008154131422396283
1142,0.0007839956208619455,0.023588385853511164
1143,0.00547090655761981,0.0040859495652811485
1144,0.005441138523347134,0.0034926341991238
1145,0.019194422683828656,0.003300439956470432
1146,0.018086464441401075,0.000884623035136605
1147,-0.013534088474573353,-0.011303756054675167
1148,0.015026605659581303,0.005039672782218848
1149,-0.001492517185007949,0.0001557925340134523
1150,0.0037271244920464917,0.016262545533244185
1151,-0.008968624449552272,-0.001261768241643932
1152,-0.008292588517067578,-0.0018386309650007115
1153,0.01726121296661992,0.005584727884835018
1154,0.011098969815672783,0.006573583010208419
1155,-0.0007361717275479378,0.004395967101981453
1156,0.010256586009951395,0.00010731915235795176
1157,-0.021363698508278284,-0.0064065095838299205
1158,-0.0059745439442520434,-0.00037814200960276936
1159,0.0007486959534938312,0.00932311925589938
1160,-0.003749484478443199,0.004340879796240734
1161,-0.001503816527627896,-0.0020418423901345938
1162,-0.017457666452961495,0.006310959037162926
1163,-0.01387837135569227,-0.0032134798118799565
1164,-0.002332037436646192,-0.010196298475803743
1165,0.01083611028784463,0.010452797852349736
1166,-0.00308407967477404,-0.012048074005081098
1167,0.023656265119884213,0.0027827028948347685
1168,0.007513080518416073,-0.0027435462066003487
1169,0.02147436543077304,0.009615754140161801
1170,0.005115181068263454,0.009990069684590338
1171,-0.00804984592570171,0.00017291222756818405
1172,-0.003680559581548117,-0.0009847696588896127
1173,0.004415033589913924,0.006519725891303606
1174,0.021068716024724352,0.0030797379324564098
1175,0.01922447227675666,0.0007612548039168151
1176,-0.004240303946001735,-0.00520756291791199
1177,-0.004258214313503222,4.785874390095074e-05
1178,-0.0007115540616105479,-0.0018136895909355406
1179,0.012729915372793556,0.0018710001220028356
1180,0.009094171765905152,0.00164799402984732
1181,0.0055555656752916596,-0.009273635701785686
1182,-0.0041637243695861696,0.002703657443637889
1183,-0.018246160069290498,-0.011738508200689326
1184,-0.02219918225264694,0.0007532129051973039
1185,0.024321545378097574,0.012406365635768817
1186,0.023053808278167248,-0.009607523049991781
1187,0.0013803146258402007,-0.00016947950262444553
1188,-0.0013803146258402595,-0.008514434129144554
1189,0.018474655349677436,0.000293113039757259
1190,-0.0074854720173901735,0.00020515771310288176
1191,-0.0027360127547126256,-0.0037135946105880755
1192,0.004101111771970226,0.0060014590783345695
1193,-0.005471965736914301,-0.0020876364235120157
1194,0.0,0.013588637760190403
1195,0.011592338737046765,0.0069505294260036226
1196,-0.0006781169688753535,-0.0002104658555662399
1197,0.004062238526549695,0.0042776949685127815
1198,-0.006099632730603352,-0.0010057688960932291
1199,0.010145436215854913,0.0011343986763476727
1200,0.0020169182980752085,0.002820696337857359
1201,0.006693442777791311,-0.002916062258700598
1202,0.011936454813802249,0.004885328378190026
1203,0.00983943897463549,0.0012886157698212095
1204,0.0168287795410029,0.0033041017947020544
1205,-0.0019273755632547766,-0.0017192357309947115
1206,-0.012293876260682107,-0.009217532360037016
1207,0.0,-0.008148298422856914
1208,-0.006531747178061765,-0.0018005054405386205
1209,-0.005256182089295202,-0.001842408890644043
1210,-0.017276214455040174,0.003128092998256334
1211,0.02318754839770582,-0.003263283888486248
1212,0.009126539374066222,0.005791382635089597
1213,-0.007817656560876587,0.0027083904396495474
1214,-0.0059036466034308455,-0.0016529289144317837
1215,0.007863831397866543,0.013275566984318879
1216,-0.020442509894579155,-0.03658079272372431
1217,-0.0020007087982129405,-0.01826224645475018
1218,0.015894361614442888,0.017614121723580567
1219,0.014351130847253042,0.016889243109367773
1220,-0.005845990833091915,0.013473862722098988
1221,0.01230183613008855,0.0019467064123035718
1222,-0.028722544362480347,-0.0068710288215743185
1223,0.003965582171074707,0.005338686752739199
1224,-0.028774170618356527,-0.0008719578273443702
1225,0.010131869084252133,0.015138186568454184
1226,-0.004040492986352233,0.003402819422213206
1227,0.01871721234938197,0.006984842554549202
1228,-0.012662716575668694,0.0001347586459182055
1229,0.00401615265518409,0.005245422634734679
1230,-0.0026756191611400195,-0.0009293791682907694
1231,-0.010774506513313794,0.0009432572926709144
1232,-0.006793481445774374,0.004261208668679649
1233,-0.005468225148172452,-0.0036190700145063283
1234,-0.002058362256423843,0.004543626595285696
1235,-0.011049827546950762,-0.003016018819602538
1236,-0.004175314291621092,0.00032273254255773474
1237,-0.009810952849787936,-0.0011992611701764468
1238,-0.0028209105341879077,0.0016049206929937636
1239,0.008438970648836648,0.0016299800885987742
1240,-0.017662112216273406,-0.0012705942552551364
1241,-0.001426440824077654,-0.0063819410006827546
1242,0.01628346830276991,0.00312904282481814
1243,0.004204717912633783,0.00021254932837361468
1244,0.0041868972436067105,0.008566697203484144
1245,0.0055555656752916596,-0.000907577012203994
1246,-0.0027738890671905846,0.000389717685688688
1247,-0.011875848374006305,-0.002868797063796923
1248,0.022925675920956994,0.003927051901959493
1249,0.01634912539233313,0.002789016058873608
1250,0.008075442344224786,-0.005494142217342832
1251,0.004013397312539157,0.0018668463000156262
1252,0.012603779718156793,0.0021972017746725615
1253,-0.0033013775133416733,-0.0014413098689574264
1254,-0.009302402204815013,-0.0005634816041799142
1255,0.003997285888085091,0.0019498668278891155
1256,-0.012040322059597302,-0.00525405528922969
1257,0.004029638858973152,-0.0013661600732483932
1258,-0.0033568575914598117,-0.0015800644041810373
1259,-0.00404307695180445,0.005214428543482914
1260,-0.009498045788697283,-0.0019555915792791195
1261,-0.019271019624488305,-0.002378691098570574
1262,-0.011181243701065092,-4.1385504576534266e-05
1263,0.011181243701064998,0.004192241578345265
1264,0.006925140661630114,0.002977242370644486
1265,0.008931717519698542,-0.00014639577393839857
1266,0.017627613120842732,-0.0022254880636449503
1267,-0.015577759946313339,-0.02482774229870716
1268,0.0,0.014570387013562412
1269,-0.013054153179100341,-0.014941748028884077
1270,-0.0076361703142614375,-0.0005878493996833077
1271,0.004866123151301508,0.010058516338082277
1272,0.0013859827263340311,-0.003779427955852665
1273,0.0027662869647413053,0.0002804904110726418
1274,0.012354282349545154,0.010858000137422493
1275,-0.0061580627595550766,0.0007254588569323003
1276,0.006840019329625139,-0.008624849770070692
1277,-0.009589195256674989,0.006423495171506663
1278,0.023130317997176644,0.005282576350908978
1279,0.006034267639994861,-0.009365127556567081
1280,0.003336696062217029,0.007936392717050508
1281,0.005978084597999319,-0.008233905293062055
1282,0.00594249161402508,0.004287486123142742
1283,0.0019730766042054923,0.0004814442865822028
1284,-0.0026315444719417808,-0.0032587877673729898
1285,0.005256182089295267,-0.007929247490986628
1286,-0.00723453085119389,0.0011459325937728834
1287,0.006579016982048877,-0.003104076499634731
1288,0.0006555138691450494,0.0002015838587622373
1289,0.0013098074067273582,-0.0030426178920773266
1290,0.0019614663630586884,0.006141505766359587
1291,0.006510417457650757,0.0021895719655424944
1292,-0.009126539374066284,-0.0013766710511558952
1293,0.003921520101555904,-8.414524231466238e-05
1294,0.000652161264461334,0.004738594640405915
1295,-0.004573681366017143,-0.003804957457637145
1296,-0.0065703713670101265,-0.001741927702175836
1297,0.00591521951363956,-0.002991196103286747
1298,-0.006574623664509488,-0.0031131401617605554
1299,-0.01328036283129086,-0.00012228399443930542
1300,0.004668235933242607,-0.006810018806473475
1301,-0.012048380432673733,-0.006546884787680833
1302,-0.010152372171237255,-0.006100732928312849
1303,0.004073339618265775,0.02198019977703114
1304,-0.001355913866906971,0.0037648783671193967
1305,0.004737746327510335,0.011016119798123997
1306,-0.008135666383787162,0.001948845391487013
1307,-0.019244600400546805,-0.001398928210940719
1308,-0.002084029258305857,-0.00011550945719234191
1309,0.02200912396377083,0.007452955294992881
1310,-0.012320456902931572,-0.0015835169024771387
1311,0.0020638852774382327,0.004665469462083932
1312,0.00821369791566493,-0.0023896514373655422
1313,0.027564807969618386,0.007433702391907575
1314,-0.0013271903308667802,0.0021630907556930735
1315,-0.003325531196037847,0.004714444110052621
1316,0.003325531196037926,-0.005268389275204932
1317,-0.020121404310657502,0.0013344021688134898
1318,0.030032288749291283,-0.002656930320786606
1319,0.018241500410574908,-0.0035217232085723734
1320,0.007076295731978415,0.00039692769872242176
1321,0.005115096627460715,0.005804427033504068
1322,-0.004474285104430061,0.0034050842286357528
1323,-0.007717107255009089,0.013077359109980912
1324,0.0019349666279782328,0.002157014682641861
1325,0.005141329104000089,0.005921418582443635
1326,0.006389842222438233,-0.0011380821315193454
1327,0.002544495816623741,0.0065184833042276425
1328,-0.009575626482536586,-0.008150295724293847
1329,-0.0012836797547368817,0.0038757076880631845
1330,0.004485819938391915,-0.0017521567788889247
1331,-0.005771149645078228,0.0019731727431487977
1332,0.004491576465424456,0.003630912635580925
1333,-0.00577862664375468,-0.0024603856692401176
1334,-0.0012885760950066467,-0.0018647113534051916
1335,0.017258300003914696,0.0034967814946244543
1336,0.000633504216783048,-0.008391640736853681
1337,0.0012659359186240604,-0.00029334768322500485
1338,0.0018956441741758993,-0.004647834856887898
1339,-0.004428990108375967,0.014156730579539163
1340,0.005060160371377172,-0.0007709676024811847
1341,-0.001262674136707364,0.0035107889747143313
1342,-0.01977728536555688,-0.0035549054171999466
1343,0.010893968852504567,0.002825642382662228
1344,0.014552610498578956,-0.0021471124147148762
1345,-0.0018861741136939024,0.0018481317595456588
1346,-0.000629580935468658,-0.0029719144556663584
1347,-0.008855157158858868,0.0017622004694819377
1348,-0.0031816982905575586,-0.003615837989476297
1349,0.01140694274501469,0.003360584419625029
1350,0.0,-0.002693749900807537
1351,0.0025173382608709915,0.006543140447222718
1352,-0.0063051047933030515,0.007994052872005095
1353,0.00441767923683386,-0.0007356546972078812
1354,-0.008220043553433287,-0.0008668398232565737
1355,-0.005730661940020747,-0.006027673469765574
1356,0.005730661940020662,-0.0008903015396018941
1357,0.010735798602595704,0.00029831914579241266
1358,0.0,0.0005701469140035619
1359,-0.0006283294926932923,0.00723849675825126
1360,-0.0063051047933030515,-0.0021175973909143666
1361,-0.00443747792202509,0.00022680323213039314
1362,0.0038047102869184332,0.0006930822575954961
1363,0.0050504468719405225,0.0057360636002426035
1364,0.010648441972389799,0.0035597070516704093
1365,-0.01127835467679162,0.005232133435593789
1366,0.0012594936398704433,0.003999327142198481
1367,0.0012578446210006855,0.004979888719208724
1368,-0.0063051047933030515,-0.0008644914750708506
1369,-0.0018994401354071862,0.0016771491542383855
1370,-0.0012681483834619434,0.0060298501458569305
1371,-0.005089130814757292,-0.0010827863781681592
1372,0.0031836587503827067,0.0004188992952173622
1373,-0.0019089131554051687,0.0014922501063708675
1374,-0.002551052517971386,0.001017465221532136
1375,0.0038241097334348983,-0.002581705936709556
1376,0.00444298060456102,0.013581210931325458
1377,-0.015959462859208427,-0.005877116945712153
1378,0.005134861377272067,0.0005037502373780662
1379,-0.001281278560526645,-0.0032826225138573267
1380,-0.004497348083228116,-0.0029176258949927506
1381,-0.02279475534970888,-0.0022868283405635356
1382,-0.00860079924324728,0.0007995757318533492
1383,-0.009345941078710285,0.0032633399300272393
1384,-0.0013421946939806393,0.0003665655993669616
1385,-0.004037704575415537,-0.003384749178632091
1386,0.008727835184848596,0.008339879295606638
1387,-0.0013378434039468447,-0.001628034818707671
1388,0.0033411555723051544,-0.0013151793429671305
1389,-0.006022154782446923,-0.014497510470505596
1390,-0.0006712879953444809,0.00188810257429917
1391,-0.00201691829807513,-0.0010608320450020078
1392,0.0033591129920556586,-0.0008443524405604029
1393,-0.0013421946939806393,-0.0010201073391556828
1394,0.006026117873437158,0.007225308630544418
1395,0.009302402204815001,0.0010847364356110054
1396,0.003960414937686155,0.0029308110038479738
1397,0.0019743072903835234,-0.0022575939841710303
1398,-0.003952656052282221,-0.001643475387294985
1399,0.00985243231312144,0.0005593659819510025
1400,0.0019587704929987446,-0.0030595368382266273
1401,0.002605896160635729,0.0019276502673643437
1402,0.0025991231118747075,-0.000827472390060951
1403,0.0077568820329769715,0.0006874501159152871
1404,0.0019299876857081409,-0.0014349083716841415
1405,0.0,-0.0037670371396038606
1406,0.0032081719205506133,-0.0068380205168596985
1407,-0.009655692093073136,0.005668862745624474
1408,-0.01761875499515804,-0.0017178251699592046
1409,-0.003957734799531417,0.007528850355940232
1410,-0.00996355021070595,-0.003039688326511295
1411,-0.003343389685412398,0.01078173661629201
1412,0.004677594468553339,0.006072214179920221
1413,-0.005347602095680034,-0.0004858213710588516
1414,-0.005376352759849035,0.000552767268520894
1415,-0.0026990895843758403,-0.0019149797398098202
1416,-0.008822537987736688,0.0029191355370701286
1417,-0.018576414951546997,0.003427568597297937
1418,-0.004872969879176674,-0.0010257745827879853
1419,0.015922797426127254,0.0011299627434361718
1420,0.004112425961436616,-0.0021651516219074398
1421,0.0,-0.001479535314904662
1422,0.005457035152987855,0.004765142297194603
1423,0.0013596708855190894,-0.0006871328353222825
1424,0.006770414095983725,-0.018345468349136904
1425,-0.0027026675095494154,0.003680038878659272
1426,0.019431107653813704,0.006744702885899654
1427,0.006613758527062185,0.005146863688619274
1428,-0.0033013775133416733,0.001836185028697848
1429,-0.0019861389759303497,0.002486033927919036
1430,-0.022111427545291402,0.004432111717712638
1431,0.00742490941240784,0.0003105017853485944
1432,-0.008102706310439375,-0.0012053506261038615
1433,-0.010906641578234878,-0.0004600745033581426
1434,-0.006877653814685751,0.007542595680759977
1435,-0.004842629647832195,0.0037008743035282436
1436,-0.005563220632477686,-0.0012184068519809704
1437,0.006949203358811687,-0.0027829088587652804
1438,-0.013947180831532163,0.0015670290211890142
1439,0.0,0.0002671688365976829
1440,0.0056022511071025455,-0.0008303336477463401
1441,-0.009119690316726483,-0.0009792424988242124
1442,0.004219502580006838,0.004501358810436219
1443,-0.01769962610968849,-0.0009963270549052257
1444,0.004276644818457808,-0.002242109822419468
1445,0.004258214313503107,0.00028359898308776774
1446,-0.0063943238713477105,0.00831258337364602
1447,-0.010028748016486068,-0.00671916059422433
1448,-0.010857870942760365,-0.0005828142446644542
1449,0.0014546006932771192,-0.00045588579922685235
1450,0.004350851934567003,0.0015596986258985955
1451,0.0021685335580806193,0.00031575172190189825
1452,0.011486191949243985,-0.008105586350832882
1453,0.006403422342615986,0.008769501402603316
1454,0.004246160048898551,-0.008637216748724095
1455,0.020273409641404457,0.001532057636772409
1456,0.010327114643699273,0.0023081681207701
1457,-0.015183181911902214,0.001452223914105479
1458,0.0006952306294542393,-0.009412987281172938
1459,-0.009776623721017355,0.0063827127178005495
1460,0.004201629315416646,0.0009273361033752472
1461,0.009735831044349505,-0.0007829873365255702
1462,-0.0048560672682029776,0.007279051070217303
1463,-0.0006956426888187877,0.0018728294224074943
1464,0.011072697686086383,0.0046626164116802295
1465,0.0006880559547552634,0.0005447640993475092
1466,0.008901139301919674,0.005358258336975863
1467,-0.001364308268630291,-0.00015367110756601694
1468,-0.01374587471710934,-0.00036793928499852593
1469,0.002073944066124505,-0.001064301014414057
1470,0.010989183332287414,0.0029189076398732964
1471,0.009517346769109088,0.00028262387997984216
1472,0.00607083155872028,-0.0009731615364498616
1473,0.005365535244183714,-0.0013420155895607954
1474,0.006002005547900171,-0.0007284109040349672
1475,-0.01136754079208405,0.002446120844174935
1476,0.002015425025906356,0.0004925271234829197
1477,-0.0074098350215934675,-0.0021860417341370017
1478,0.002026245946516226,0.0018873214113143176
1479,0.002022287189734492,0.0016458446506615104
1480,0.0006730955919229849,-0.0024173521357919855
1481,0.006707048907508179,-0.0003636746537500773
1482,-0.015493807787065663,-0.014580218564576908
1483,-0.005445890862061236,0.011268408392759246
1484,-0.004789614038354115,-0.0004989325424126782
1485,-0.002747216994935301,0.0014190955235749438
1486,0.002747216994935205,-0.015557342219810788
1487,0.017675549879096978,-0.0018370536869419727
1488,-0.012203584142182575,0.0011619755664938251
1489,0.0027248302798983572,0.00989169543340262
1490,0.008804681485819829,-0.0034595702537768024
1491,-0.0006745965043171407,-0.0020766165998444643
1492,-0.002026245946516301,0.0016714716175687365
1493,0.0006758252429220491,0.0004869533070547567
1494,0.0,0.000842466928157631
1495,-0.007460158582826633,0.004604531762306821
1496,0.027527791635802802,0.005704673401131503
1497,0.001323608808602818,0.0019805782508132293
1498,0.001982066175787548,-0.007579458481687855
1499,0.00985243231312144,0.003123842327936699
1500,-0.0006538667953674514,-0.00017845188005765874
1501,-0.011180631693541514,-0.0014899601369018473
1502,0.001982066175787548,0.010780974881588173
1503,0.0026368166296348848,0.0033583025766751994
1504,0.004597714221558993,0.0007568343607980699
1505,0.0006551518533705576,-0.001101323850910665
1506,0.0045736813660172265,0.001845477433808031
1507,-0.0032647985528275105,0.0025644415962084947
1508,0.008466366484844626,0.000634146746002747
1509,-0.0038986539733428804,-0.0030505657160058717
1510,0.0038986539733430205,0.0006475839763447241
1511,0.016720616819697803,-0.0022245228623069533
1512,-0.00896867944420615,7.21642135086899e-05
1513,-0.0038685568701639556,0.004076822333252813
1514,0.0,0.0012038908157165553
1515,-0.005181288283226327,0.0036982627391968716
1516,-0.008477341520135538,0.003866518923029202
1517,0.0006546555533567245,0.002156511209479444
1518,0.0013080940552003411,0.0012459436180757644
1519,0.011049818445304685,0.005630903982831375
1520,-0.015635552020041577,-0.00107421107345519
1521,0.012398233264213934,0.0005136559768966337
1522,0.0019436086399621676,0.0018018826725406682
1523,-0.0012953192677581527,-0.001688176887748127
1524,0.009674308478389898,0.0008777219129250594
1525,0.0025642009021697035,0.0017492226482939653
1526,-0.001281278560526645,0.0006723525756508859
1527,-0.0006412884434746703,0.000742059767673381
1528,-0.004500040660525559,0.0003279441576699137
1529,0.005141329104000089,0.0051037960751330715
1530,0.0,-0.003980395520016971
1531,0.010204227442218003,0.0016166011302898397
1532,0.001268148383462013,-0.004673955894668672
1533,0.004426254572583993,0.001270139250772935
1534,0.005034554791455942,0.008040609974748418
1535,0.002507868606712911,-0.003197577286090491
1536,0.0025016592178576675,0.0009440130762743704
1537,0.0006243417984017453,0.0015908438533357942
1538,0.006222838242162296,0.00018994806646887061
1539,0.006184163524330557,0.0030922892353351652
1540,0.01893198206823444,0.0012704439148733969
1541,-0.006068021696998937,-0.00018912071459806137
1542,-0.0018275722384223224,0.0014426138414859518
1543,0.0018275722384222951,-0.0037689814841859568
1544,-0.0018275722384223224,-0.0008980468369504607
1545,-0.0030533956488401274,0.0009831508870482928
1546,-0.013547137075119831,-0.0023122806753020026
1547,-0.0012406141886842045,-0.005540998742527633
1548,-0.0031085101912821534,0.008162653019243146
1549,0.01605967580896005,-0.0026294170087623257
1550,-0.007997599102542226,0.0012748699188762996
1551,0.00677131102867017,0.0065198386021454125
1552,0.005506272846245204,-0.000750542637235231
1553,0.0030460806376484415,0.0020539843743953862
1554,-0.0018265221802240953,-0.00038433158678481715
1555,-0.004274820084258922,0.009800332124951879
1556,-0.006754742096364728,-0.000369293995848674
1557,-0.004322333064059076,0.008157586752447125
1558,0.008626063941013349,-0.0020265827762343275
1559,-0.012345794250488085,-0.001052710815559842
1560,0.0,-0.003746390508707
1561,-0.0169124248311156,-0.00011411185558209418
1562,0.0031535389363643077,0.0029280666540677323
1563,0.005025196953861725,0.005491202213278363
1564,0.0025031603658944076,0.0031968420335846677
1565,-0.008788579768688673,0.0015477236518457054
1566,-0.004423392706525374,-0.0004730686827042819
1567,0.003161580092799858,-0.004079167771477212
1568,0.0,0.008934313473589495
1569,0.004409460619127139,0.0053484783871170635
1570,0.007514214708464814,-0.0032354978917475585
1571,0.005598757592000013,-0.0008282361842860702
1572,0.0006200189331839454,0.0019836868787915067
1573,0.004330481970195775,-0.0004582714634861484
1574,0.017136173992106537,-0.00026834750047123666
1575,0.004842558704622865,0.0018323190495582004
1576,0.0030148578101309065,-0.0051966324272850065
1577,0.0095867062664477,0.01866805438941233
1578,-0.003584307271424572,0.007009145849314317
1579,0.005966646290365168,0.0029630473871908748
1580,0.0035629005772167613,-0.0011128459593683269
1581,-0.0005928138251259323,0.007009026086236219
1582,0.006502976992049952,0.00672692616818542
1583,-0.004725345015135784,-0.003530713132461897
1584,0.0011834160188440765,0.009371006306436726
1585,0.0,-0.0016176977485318196
1586,-0.001775649620491878,0.004375648154250521
1587,0.0023668328663601795,0.008034364425847183
1588,0.007067373696865254,0.002172004929470756
1589,0.010507714111281822,-0.0005601326352994
1590,-0.005823929150257229,0.0006024394208590974
1591,0.007564788795174927,0.011771638040818704
1592,-0.0029027197658687684,-0.006754736323635241
1593,-0.007001219282130055,-0.010958642573971082
1594,0.0011702590792441998,0.0004888658752323553
1595,0.009892293566603785,-0.0006482986619959788
1596,-0.016345853699512577,-0.02143668028270978
1597,-0.009461980788111278,-0.04184254115962683
1598,-0.005959411690140907,0.01729057365883202
1599,-0.01142185448904332,-0.005014138421070593
1600,-0.010331218919172953,-0.03825905220501535
1601,-0.014769677221094625,0.01482564526513686
1602,0.008027229916163572,0.016428187440294496
1603,0.015258134757968504,0.01331344003093341
1604,0.0018155314661356622,0.011996861644365633
1605,0.0018121170577234415,0.00037339982150897137
1606,0.0030130407317101476,-0.005858517129208453
1607,-0.0012042015033025002,-0.00551166461587029
1608,0.008995625094623441,0.0009730775549656383
1609,0.006545726993512703,0.015901278284568242
1610,0.005323929764488632,0.011688438681734836
1611,-0.010080238487750108,-0.012788311673315955
1612,-0.010785043364874765,-0.011157806021536957
1613,0.0018055732358200393,-0.013413965762133684
1614,0.0,0.005058785438516168
1615,0.005995324967091965,0.010971617461221566
1616,0.0035799070658951533,0.0026353830125733333
1617,-0.010778585218150142,-0.0004839916939561881
1618,-0.0060387078029238055,0.004453148254242194
1619,0.009644493615649013,0.0172295465038515
1620,-0.0018012367698630575,-0.0012747970405995702
1621,-0.0030093520317145393,-0.0063839104358374464
1622,0.0,-0.005740970142584845
1623,-0.0006029462633374482,-0.0007822362741084986
1624,0.0036122982950520985,0.0017019980778953542
1625,-0.006632494860536639,-0.014306040580462488
1626,0.006632494860536752,0.0014807084661183528
1627,0.010164496242525913,-0.027330579102626783
1628,0.008883562187112528,-0.021189807067529817
1629,0.0005895015570283771,0.026795040680132134
1630,-0.004133340145818403,-0.017427285781738664
1631,-0.004150679041314797,-0.0029209188276957086
1632,0.008873173436803772,0.013675777422844215
1633,-0.008279180923477084,-0.010054721022495902
1634,-0.004165376089275083,0.01150010225857756
1635,0.004759138147080845,0.00683942159633542
1636,-0.0071471662612733865,-0.02216406698415278
1637,0.012474125670774017,0.0033309948117507698
1638,0.01697431043275325,0.01658859896759776
1639,0.007516734564125944,-0.0055406858556445076
1640,-0.004040413617461905,0.00821689876343307
1641,0.0005781938945843577,-0.00289079967402312
1642,-0.0034743080453903267,0.008076336777702902
1643,0.0005799896805299295,0.010605071728903286
1644,0.018380684522794618,0.0008310204074237
1645,-0.003992084299505958,-0.0057425818819627035
1646,-0.001715733453818367,-0.00857317709997682
1647,-0.0005725659401317104,5.6229929781411334e-05
1648,-0.005167899605197137,-0.0134708878288692
1649,0.0017256023686261248,0.001835373948385443
1650,0.00515901249923252,0.010380144165286856
1651,-0.0005717932672882714,0.0011130053827261748
1652,-0.0011449219953731788,-0.012907341490904172
1653,0.012521570212834036,0.013925573020990078
1654,0.0028240823468118174,-0.00026567663510645024
1655,0.008983654910986856,0.009635647864918774
1656,0.005018178046195056,0.009327011495041374
1657,-0.006136616010765892,0.0017061395117717584
1658,0.00724832972605461,0.0008830994699681902
1659,0.0011105362954381183,-0.006865655176057288
1660,0.005534086700570534,0.004052339933860222
1661,0.0011031289797639812,-0.0008562387426369408
1662,0.0005509950779002212,-0.0026356652140525827
1663,0.007684023041156473,0.007359604524262409
1664,0.0010928813474224077,-0.003140688827745399
1665,0.005446730080054508,0.0032431453331457786
1666,-0.006539611427476787,-0.0020252628489341846
1667,-0.014872233799391293,-0.0023600031860415097
1668,-0.00947878692694092,-0.011631572622697848
1669,0.012802958261665562,0.012615875594803282
1670,-0.002769336787171696,-0.0069033331562017184
1671,-0.006677844281993035,0.010790799467401854
1672,-0.011794530520038118,0.004469594898657939
1673,0.001693457286569556,0.0007023464003622034
1674,0.0033784510942906475,0.0085309006987769
1675,0.003927019804125964,-0.0007144438136572065
1676,-0.000560174857448807,0.0031210288686049055
1677,-0.0005603734462268687,0.0010681371137670548
1678,-0.0005605721930218249,0.0017418674020510782
1679,0.003918112250355639,-0.004034254597206532
1680,-0.011235919938644189,0.002468500370719433
1681,-0.02459388250456528,-0.0010176202706102954
1682,0.008648139511385282,-0.002128391141538265
1683,-0.010386742789764479,-0.004031517911799878
1684,-0.0011608699643878052,0.001710690054657128
1685,-0.007577899121764256,-0.006365728628121661
1686,0.01969951025036451,0.0018602032379600674
1687,-0.011540947960070594,-0.013819723168097132
1688,0.00981820006915521,0.0022021507871512656
1689,0.00515901249923252,-0.008641586392876063
1690,-0.0005717932672882714,0.006159680099136976
1691,0.011376648217460684,0.0007581156689823464
1692,-0.021149811813518833,0.0030632609261897923
1693,-0.0011559347583776456,-0.004959629194037152
1694,0.0057670091254339246,0.00858385648196029
1695,0.0045897331737601455,0.008445517624522891
1696,0.005138511533887264,0.008784290960454947
1697,-0.0022804715196051077,0.003467249313073771
1698,-0.0354380374826854,-0.007119486242086467
1699,0.005308290916367392,0.008710991388858308
1700,0.0017632473862286546,0.0010786557039651253
1701,-0.021365932523108165,-0.001028664637499674
1702,0.0011990245603202229,0.003965824276198425
1703,0.008947271982677037,0.002158181948969487
1704,-0.0011883380634712083,-0.0039608268660282055
1705,0.0071090595307776346,-0.0009488977323167738
1706,0.003535667126575493,0.0018363622208507574
1707,0.005280081015883716,0.004769518931168057
1708,0.01336840353805166,0.009060435065981778
1709,0.0,-0.0030369027657715817
1710,-0.004049644771369793,-0.006583834629162002
1711,0.005780402462703731,-0.005770789065441931
1712,-0.005780402462703824,0.004872837074456837
1713,-0.014598839782565686,-0.0010408931953329581
1714,0.005865159813811234,0.004914349837168812
1715,0.0035025825691024307,0.004633432081365837
1716,0.0017467014694985152,0.0035319824091807187
1717,0.0075340407015234544,0.0028202018069540436
1718,-0.012198708365022206,-0.00026241439331087723
1719,-0.0040995101625471465,-0.0014427146607000002
1720,0.0,-0.007139312324221158
1721,-0.005295675174003096,-0.0040140374338481786
1722,0.0017682014772320588,0.006368929911073959
1723,-0.022031263279199798,-0.007631208669913812
1724,0.007796097054758118,0.00788821447615481
1725,0.0041729482306299935,0.003317606584060323
1726,0.00178303707033448,0.0024250748965002366
1727,0.0017798635068822359,0.0020663999162995063
1728,0.014126301275913074,-0.000398231201649663
1729,-0.001754875454346472,-0.0016926939620312493
1730,0.00758231808246369,0.006179705951037538
1731,0.0034802345633844108,0.007641141467520161
1732,-0.004061333363718154,0.00026924232028460157
1733,0.010985853361578727,0.005685242285687488
1734,-0.0017265955079721136,-0.004440171958380272
1735,0.0011513948453026582,0.00013446856422834514
1736,-0.005770336858944787,-0.0016556921079459639
1737,-0.00405921703963076,-0.0028070627847504065
1738,-0.005827442628117365,-0.003658991095901207
1739,0.0023350537198347657,-0.0022157978295892274
1740,0.003492388908282569,0.0018960281547177142
1741,0.009829553898575564,0.003732865770630737
1742,0.00688066729024811,0.0003566082470782745
1743,-0.010916540994635005,0.005268352239866641
1744,-0.006374778994522362,0.0002754436156614643
1745,0.00810653576989211,-0.0002306378226848539
1746,0.006323590865605593,0.001252487834188515
1747,0.0,0.007810014244434212
1748,0.002289609222370968,-0.00036860089434010866
1749,0.017007388391274966,-0.004827830710460164
1750,-0.004507220144498899,-0.0032946997183381445
1751,0.004507220144498924,0.0027594761263509742
1752,0.01006706119622087,-6.870305000608937e-06
1753,0.018743685824210477,0.003634492540459443
1754,0.0032716079810924214,-0.0003967688247482073
1755,-0.0016345221824469334,-0.007491768952614202
1756,-0.0021834896562961843,-0.005543314563770912
1757,0.004362054081444647,-0.00181410437998893
1758,-0.019780765370607672,-0.03341638895156693
1759,-0.015096702568838091,-0.020787580170271745
1760,0.00785627451191627,0.01410623554485801
1761,0.0022334746110097056,-0.005922482381780383
1762,0.004451925179925791,0.021267828102107277
1763,-0.008923758660954774,-0.0002526942849019395
1764,-0.011267745590575228,-0.014496490704811661
1765,0.005649829948678083,-0.0003612351353181399
1766,0.0011261108436439234,-0.00430879692118057
1767,-0.022191511698658344,-0.005527076396959363
1768,-0.0069283987058111045,-0.03135077358349274
1769,0.004047362674362096,0.01845371771646732
1770,0.007473403927746756,-0.017479138029976107
1771,-0.010362704755242688,-0.006581208142393195
1772,-0.00522199200424929,0.015545323041771461
1773,-0.01347030732951609,0.010792878598247372
1774,-0.007100525116777975,0.01050249888653763
1775,-0.002378089954567491,-0.006336720838269697
1776,-0.0005954071830050367,0.005584693696363217
1777,-0.004177929315030962,0.006239787533674419
1778,-0.002395054695558876,0.020987078773076134
1779,-0.006013350459750186,-0.0025120691829516244
1780,-0.01091579050090592,-0.009241585786561252
1781,-0.0024419702055700466,-0.019898150960848206
1782,-0.02789155375203839,-0.001483018799052764
1783,0.008761016415920543,-0.007596188996737178
1784,-0.0018708823576183214,0.010538032725957951
1785,0.006222838242162296,0.0022208377717471144
1786,0.0,-0.016783161581240495
1787,-0.030868623241075085,-0.01831799522268992
1788,0.008282957628438314,0.0030386692866970996
1789,-0.025057580670297605,0.008836555933604441
1790,-0.003911294345776159,0.0032563844755063892
1791,-0.003271273769785913,0.022714051233730995
1792,0.006531747178061882,-0.002185494459836184
1793,-0.0045677125115016325,0.008137547699126139
1794,0.022632738417261915,0.010882001681880114
1795,0.0006391731228094816,-0.03290022862090132
1796,-0.008341353966990116,-0.00152338812835683
1797,0.011531171326438359,-0.023596335440042082
1798,-0.016051753774713007,0.0017606033829389957
1799,0.005808328735529351,-0.0003564099004455318
1800,-0.003222712915233002,0.005404870987382638
1801,0.012828935480482874,-0.00019995020043665106
1802,-0.015414551300779237,-0.019271212311226697
1803,-0.011718857937996464,-0.020992284922037387
1804,-0.021178870744981888,8.639697039996385e-05
1805,0.0040054284580281225,-0.01551545910804943
1806,-0.009370963702211903,-0.015897809458374292
1807,-0.008780823279314733,-0.02080312062678844
1808,0.0013048701412504856,0.029442833788670724
1809,-0.00827020545563779,-0.0012423539542946662
1810,0.02730549567148585,0.01841538610010222
1811,0.007380129433116094,0.006985975996346807
1812,0.009976735597858867,0.009648587453345037
1813,0.019659872611026138,0.004089671399486091
1814,-0.002599135793690163,0.004508241512753362
1815,-0.0032583490967784067,-0.0001463086166780639
1816,-0.0006529325073769322,0.005393224268082444
1817,0.005211759957263878,0.0022195205946412646
1818,0.0006495395341696985,0.007562730598548485
1819,0.010336052409630694,0.013096912839547208
1820,-0.007094536707214782,-0.014258476981933848
1821,-0.001295292985448901,0.0022004899848740785
1822,0.002588910357156376,0.0013747801288069672
1823,0.0051580610461106,0.008452867835778276
1824,-0.013596907428672846,-0.00787777580664376
1825,0.009730858062079677,-0.001457308065133547
1826,0.007076281228187411,0.015429609955667367
1827,-0.005141355521265881,0.008560648872782267
1828,0.00898013157889347,0.0008982063479968463
1829,0.0006383441510373209,0.0067533811583575356
1830,-0.004477120208665119,0.004697370443379853
1831,0.0012811867086274231,-0.002226915809169855
1832,-0.009649479616332318,-0.009401192984273273
1833,0.001292011679517389,0.0006759725717397986
1834,0.0,0.013516704466633092
1835,0.005793385761224317,0.0030194316566570117
1836,0.0025640821755906914,-0.0026551634465824207
1837,0.01839571882975112,0.010820004959524163
1838,0.002511029241231538,0.0014976212870598132
1839,0.0031298504093776086,0.00177553341470482
1840,0.0031200850021096843,-0.0035326691965498415
1841,0.002489153525603361,0.006390638671900119
1842,-0.015028395941410954,0.0012311042541125103
1843,0.004406658349754556,-0.0007907696449968776
1844,0.005012499063943437,-0.0005441972461153195
1845,-0.002503172552252342,-0.0028295077502689604
1846,-0.01134227660393472,0.0068716565279864465
1847,0.003163644052719891,-0.00388810710489399
1848,0.005040925452857925,-0.0011321737583929806
1849,-0.00567287976798632,-0.0065454735429180165
1850,-0.002531689737591564,-0.008158910945582198
1851,-0.000633892966999445,-0.002133964393198347
1852,0.0012674487139812639,0.014559535756253676
1853,0.006313194638304665,0.00294896583397222
1854,0.0062734610428483335,0.006925546633569533
1855,-0.004387261335891165,-0.0008683995429708363
1856,0.0,0.004972519409258595
1857,0.005012499063943437,0.0036990968215831286
1858,0.0024969856644143818,-0.00013057006339693318
1859,0.007453323812112007,-0.0029486967798716163
1860,-0.013707358194888051,-0.008362811451293715
1861,0.0037570487183618806,-0.0008393730063837207
1862,0.0018733076848081733,0.007157053120867043
1863,-0.005630356403169927,-0.004655143365610063
1864,-0.0031416500525386806,0.003583054637803942
1865,0.0006290434231712825,0.006711706066340472
1866,0.009389740349839137,0.011502195497633143
1867,0.002489153525603361,1.745561480515273e-05
1868,0.001242257154865344,0.0021460723821998496
1869,0.0006205818694642024,0.0020824655091414477
1870,0.003096831463057654,0.004625717395561827
1871,0.0037037705387908296,0.0010469119934194092
1872,-0.001850139172233087,-0.0060859766572597465
1873,0.008604805202909958,0.0034718378358556752
1874,-0.004907943553012771,3.812219427954938e-05
1875,0.0030702084979505858,0.006587578476349894
1876,-0.0018409937260122013,-0.0006295672497584126
1877,-0.00369231181017432,0.0005092285079065959
1878,-0.0037059955167929905,-0.002276401019742866
1879,0.0030892408042943104,0.0015778467813143168
1880,0.006150060248685087,0.009813857216621313
1881,-0.0036853829619969652,-0.0021941687255359523
1882,-0.0018479225741894587,-0.0003690416975548096
1883,-0.011782997308511175,0.004674350344364781
1884,-0.019528220625397975,-0.019173151099192275
1885,0.0012714128726455415,-0.0016067154056034693
1886,-0.005095509063415605,-0.003025998601924958
1887,0.0019138113023859375,0.0037133938472042397
1888,-0.005111788825791171,-0.024426469085879317
1889,0.013363227236169619,0.007983987551309139
1890,0.008810586866343163,0.005821994388233715
1891,0.005623257554362039,0.008855956969634017
1892,-0.009389740349839143,-0.005854437152920632
1893,0.004392895414394846,-0.006772258036625258
1894,0.0006259568911069356,0.00845994911094588
1895,-0.014497531750889752,-0.00282839205250265
1896,-0.021174995755912532,-0.01198569248844029
1897,0.013526775412927374,0.0013526439988342258
1898,0.008282917970736372,-0.008410949993470427
1899,-0.003814371911220356,-0.006935910149340478
1900,-0.01024334517692643,0.0020962723552933105
1901,-0.02673783775172123,-0.013283204951564839
1902,-0.0033101875304444544,-0.0027690708645509332
1903,0.005950430647390421,0.021205927310919484
1904,-0.02064673081417408,0.008128726689966384
1905,0.017345353076971,0.006116840715211194
1906,0.0033013777372029817,0.010442979367750647
1907,0.0039473734586771714,0.004299278681626087
1908,-0.013884452615755655,-0.0020396578921351837
1909,0.012570436542074107,0.004089010610765565
1910,0.003937012696866448,-0.0016128120944145414
1911,-0.00459473563413544,0.0009313156379772843
1912,0.011772535964499845,0.009670489549713088
1913,-0.0019524238110806339,0.002980716814380732
1914,0.019994193155781884,0.00942760543616594
1915,0.002551000054773632,-0.0012600163801944658
1916,0.004448666953399777,-0.001733388365060866
1917,0.0031655827045910033,-0.00954177569282699
1918,0.005044104070866229,-0.0012346958449604994
1919,0.0,0.003815885937213578
1920,-0.010749349095214644,0.005740941877535034
1921,-0.0006359084976458656,0.00764301848911426
1922,-0.01667769894201188,0.002923847397990867
1923,0.009655625227836417,0.007643095461891165
1924,0.0019200654694538771,-0.0018075341211651061
1925,-0.001279677295048752,-0.004847173031303235
1926,0.00319593350003774,0.0012357931791355616
1927,0.02146551203041212,0.004500546753086649
1928,0.0006243934381313072,0.0022826196625582262
1929,0.002493682368491832,0.004609534494061863
1930,-0.021397835797302544,-0.00323373100296761
1931,-0.008945767715360925,-0.0065526654034036725
1932,-0.007085397440741789,0.003575597526080352
1933,0.005800919335507354,-0.00619588946572007
1934,-0.003218563116919169,0.002824701728525718
1935,0.006426735223339182,0.006824145337509147
1936,-0.004494367598747573,0.0046771928492370975
1937,-0.003868542158821425,-0.005276296576523154
1938,0.0012911776134957485,0.0073605355897441655
1939,0.0038635600376530957,-0.0016174216913627901
1940,0.005767332813884416,-0.002581985351048092
1941,-0.006410191103280932,-0.010945207008496395
1942,-0.028042309574909205,-0.009039527494171447
1943,0.0013218995385704685,-0.007309388618491564
1944,-0.008623646715298822,-0.030230182310703037
1945,-0.005343988484344073,0.012933024156216008
1946,-0.012807769573234321,0.0007665820086625915
1947,0.005412687153823427,0.018588462666627403
1948,0.008733725276188962,-0.006638593288660651
1949,0.01592594916775966,0.0026245371463556625
1950,-0.015257231211263014,-0.02973035221071481
1951,-0.008053734074851908,0.0024612366978827697
1952,-0.0006741272018849599,0.014323058175937407
1953,0.004709033857260537,0.012033175322413726
1954,0.0026809440235211835,-0.007946215113735106
1955,0.0033411550031023024,0.008212979599435505
1956,-0.004680694533623671,-0.000506203140967559
1957,-0.007399920422987035,-0.026288881212212494
1958,-0.0006754932144620756,0.010923112944115186
1959,0.0067340091444491115,-0.003208321903817779
1960,0.008687035683147899,0.0065241514280121
1961,0.002657786220764779,0.01260748253902438
1962,-0.016053855761173182,0.0006425808239749339
1963,-0.005409027194517929,-0.00692300919275306
1964,0.02345161404886757,0.010783725016077904
1965,-0.001325403640002167,0.012925913022813845
1966,0.00264905291018725,0.0009101908253591022
1967,0.0092166766819533,-9.401457922294853e-05
1968,0.0013096469435282206,0.0003222524468697342
1969,-0.007224945888278576,0.007203672304544052
1970,-0.003963016987142014,0.0028750160390679956
1971,0.0,-0.0007246766172759518
1972,0.02419206946309586,-0.0005620877413565002
1973,-0.0064808820637272235,0.0003426331855497911
1974,0.005188166593459635,1.997465704358366e-05
1975,0.0012927154702675094,-0.0049075992042032345
1976,-0.00908502806692058,-0.008548929345396503
1977,-0.00588429262509932,0.006139685063273753
1978,0.0,-0.002431871009766218
1979,-0.003942253157671735,-0.005330534537261085
1980,-0.009923930753882954,0.005034910157615193
1981,-0.0006650921937086616,-0.012334126866677331
1982,-0.008687035683147775,-0.018065404333742128
1983,0.006688965421060283,0.022057090238619438
1984,-0.0013342456214866377,-0.004488352374343933
1985,-0.0006676891788322425,-0.015683159390420455
1986,0.002668424469804619,0.009063296256676815
1987,0.0066401079267892705,0.006395202593345364
1988,0.011842243392457952,0.010879579767787024
1989,-0.007220203192022965,0.008518363665420548
1990,0.0013166112344339977,-0.002001544809041731
1991,0.003939664497023363,0.0027590220483281382
1992,-0.0006555671608163341,-0.003927045710025329
1993,-0.0013123583252566636,0.00684811426162721
1994,0.013694377387110365,-0.0007319458552682671
1995,0.005168057332246793,0.0019186044823943
1996,0.0057821540554882055,0.00406442958828222
1997,-0.0038510303958167,0.005565819900379755
1998,-0.0019311236596715794,-0.000832751858690191
1999,-0.006464189838776267,0.0032480894157918484
2000,-0.005853674864632637,-0.0030274386546482847
2001,0.01810001875889723,0.009615930390242512
2002,0.00892865186164808,0.0025108430681716927
2003,-0.010852345862833604,0.0007022505567836551
2004,-0.0006420980720574005,0.002726375457253736
2005,0.0025657920732431025,0.00255740298821875
2006,-0.006426735223339216,-0.0019643952970014303
2007,0.0006445811678510156,0.0015634232607154054
2008,0.001931123659671597,0.0007112815145407712
2009,-0.0032207017482563894,0.0008366926952062994
2010,0.005148038142887486,0.007666028737452779
2011,-0.010322649893079018,0.0005030262076901361
2012,-0.009120672450979693,-0.0005927698894245753
2013,0.013004106587675486,-0.003763256516012298
2014,0.009003297931973972,-0.0015840061264341748
2015,-0.0006403881744050539,0.0021725739424198064
2016,0.0,0.007479252042189413
2017,0.005748977578178903,0.0021931636595712636
2018,-0.005108589403773894,0.0041657355354963125
2019,-0.020045912181889242,-0.004019286438681119
2020,-0.0013072118207226673,-0.008668483604941178
2021,0.0006538527139302993,-0.006660225253396205
2022,0.015564515515528815,0.0063036577396302605
2023,0.001928575525504437,0.0014991269666144746
2024,0.0064021137476856374,0.009094245880379253
2025,-0.0012771609669784574,-0.003167833629776986
2026,0.004462913006711122,-0.0010975360392743783
2027,-0.004462913006711187,0.0029039374393929943
2028,0.00890593253809567,0.0085386672024542
2029,0.005053663373607736,7.257931787328348e-05
2030,0.006907426993370127,0.007122360834448286
2031,0.004370888044337315,0.00033523622914350006
2032,0.0006228378546029857,-0.00043239365514825985
2033,0.004349225702960335,0.004449378631166742
2034,-0.0012406528770948727,0.004932595954991797
2035,0.00025223861906979283,0.0008657686948329552
2036,0.013776047544118333,0.0049535793192220425
2037,-0.0018674764800932103,-0.005797596243427139
2038,0.008685042185337572,0.007727821763776821
2039,-0.0006179178257189407,-0.002807174882129116
2040,-0.014944238268276672,0.004890473427461342
2041,-0.0044011388237513395,0.006633214011585792
2042,0.0,-0.0028592623297471966
2043,-0.003155572198809846,0.005436312999064313
2044,-0.005069719350250622,0.0018684503293881162
2045,-0.0012714559881966097,0.008331747563715061
2046,0.0031756139738863777,0.003854723068690363
2047,-0.005723386052685221,-0.0026555003320936454
2048,-0.013483350337286988,0.000289034315501908
2049,-0.008438868645864708,0.0011403261745642909
2050,-0.015107019654461982,-0.00908328931731403
2051,-0.018704620134807472,-0.0158557523891243
2052,0.004709056801572644,0.010003383371009382
2053,-0.004709056801572757,-0.0008672501770598961
2054,-0.008804662365150108,0.0031294570019154417
2055,-0.008196767204178515,-0.017864443392728784
2056,-0.01869213301215252,0.007228425654381616
2057,0.0013966482717208183,0.01486931591219986
2058,0.01523575177742108,0.011187778503979414
2059,0.0041152321451065794,0.0033201550900961913
2060,-0.005490748180416623,-0.00541549090194545
2061,-0.008987271000236562,0.007299690134420377
2062,0.017212128881121426,0.00812890170771737
2063,0.0006823609954290869,-0.001631776429537957
2064,-0.0006823609954291395,0.0018418361865356393
2065,0.007480483709250192,-0.0029242139723340624
2066,0.009440393779087126,0.004694748201312945
2067,-0.0040349752121791056,-0.0038228174654428965
2068,-0.0040513222191786895,-0.01057380909385793
2069,-0.03792250341829465,-0.06483598377581445
2070,-0.009887086191172244,-0.003785697208136523
2071,-0.017180093277241317,-0.045168136408952134
2072,-0.017480415969972827,-0.00827246308784326
2073,0.022521838242898946,0.045010868517233696
2074,0.0021528533611010927,-0.028510484833656563
2075,0.0007165890668519408,0.041336349363161225
2076,-0.010803129913025698,-0.034510782514423965
2077,-0.0331277993127012,-0.017200943581122435
2078,-0.08104121000312589,-0.07901041272937848
2079,0.031165127095988912,0.048215052115312323
2080,-0.018261722260081163,-0.05010289257757486
2081,-0.04088877025397828,-0.09994485230080258
2082,0.01079296487769755,0.0888084069520743
2083,-0.06217412886681595,-0.1276521975671438
2084,-0.015943650397136112,0.05822631239648837
2085,-0.03359371728814949,-0.05322227202811317
2086,0.021014935081289515,0.004696761002154709
2087,0.0009037506263566791,-0.07405912539167797
2088,0.021448543407483693,0.08968323262052524
2089,0.016659745241175267,0.01146899063600267
2090,-0.003484324082610811,0.06054383077350135
2091,-0.0034965070587294257,-0.03426784528817315
2092,-0.0026304267687732993,0.03296659032229244
